price,living_area,number_of_rooms,new_production,monthly_fee,build_year,elevator,city_area
0.585,91,3.0,0.0,5219.0,,0.0,1
1.3699999999999999,72,3.0,0.0,2698.0,1960.0,0.0,0
5.359999999999999,60,2.0,0.0,2399.0,1911.0,0.0,1
3.25,98,4.0,0.0,4755.0,2004.0,1.0,0
3.385,34,1.0,1.0,2336.0,1876.0,1.0,1
2.85,78,3.0,0.0,4652.0,1968.0,1.0,1
4.95,60,2.0,0.0,1679.0,1898.0,0.0,1
2.5,48,2.0,0.0,3208.0,2011.0,1.0,1
1.25,48,2.0,0.0,3941.0,1971.0,0.0,1
1.45,59,2.0,0.0,3598.0,1977.0,1.0,1
0.95,108,4.0,0.0,6874.0,1990.0,,1
1.82,77,3.0,0.0,4672.0,1987.0,1.0,0
0.39,75,3.0,0.0,4914.0,1972.0,0.0,1
1.585,99,4.0,0.0,6152.0,1986.0,0.0,1
0.52,47,1.0,0.0,3496.0,1940.0,1.0,0
2.3,29,1.0,0.0,1836.0,1955.0,1.0,1
1.85,70,2.0,0.0,3442.0,1971.0,0.0,0
1.52,42,2.0,0.0,2298.0,1943.0,0.0,0
1.2,55,2.0,1.0,2689.0,2015.0,,0
1.633,47,2.0,1.0,2763.0,2015.0,,1
2.35,72,3.0,0.0,3475.0,1952.0,0.0,1
1.27,32,1.0,0.0,2547.0,1958.0,0.0,0
3.27,53,2.0,0.0,3304.0,2011.0,1.0,1
1.75,34,1.0,0.0,2029.0,1957.0,1.0,1
1.49,73,3.0,0.0,3295.0,1960.0,0.0,0
8.63,126,4.0,0.0,6013.0,2004.0,1.0,1
1.245,46,1.0,0.0,2797.0,1955.0,0.0,0
2.07,40,2.0,0.0,2113.0,1961.0,1.0,1
0.3,104,5.0,0.0,3766.0,1985.0,0.0,0
1.83,40,1.0,0.0,2840.0,1972.0,1.0,1
0.75,59,2.0,0.0,2784.0,1947.0,0.0,1
1.59,58,2.0,0.0,4921.0,1993.0,1.0,1
4.3,100,4.0,0.0,5027.0,2012.0,1.0,1
2.45,38,1.0,0.0,2191.0,1932.0,0.0,1
3.1,55,2.0,0.0,3575.0,2015.0,1.0,1
1.285,50,2.0,0.0,3285.0,2012.0,,1
1.51,45,2.0,1.0,2770.0,,1.0,1
1.855,41,1.0,0.0,2453.0,1965.0,1.0,1
3.475,90,4.0,1.0,5214.0,2015.0,1.0,1
0.77,78,3.0,0.0,3809.0,1973.0,0.0,0
1.55,59,2.0,0.0,2809.0,1963.0,0.0,1
3.35,38,2.0,0.0,864.0,1942.0,1.0,1
2.53,77,4.0,0.0,4654.0,1961.0,1.0,1
1.25,59,2.0,0.0,3331.0,1975.0,1.0,1
5.8,63,2.0,0.0,2974.0,1913.0,0.0,1
1.66,62,2.0,1.0,3381.0,,1.0,0
0.8300000000000001,52,2.0,0.0,3114.0,1954.0,0.0,1
0.815,56,2.0,0.0,3032.0,1934.0,0.0,1
4.9,77,3.0,0.0,3340.0,1981.0,1.0,1
1.025,38,1.0,0.0,2198.0,1967.0,1.0,1
3.05,62,2.0,0.0,3298.0,1989.0,1.0,1
2.31,115,5.0,0.0,4731.0,1970.0,0.0,1
3.15,66,2.0,0.0,4206.0,2004.0,1.0,1
1.34,93,4.0,0.0,7064.0,1992.0,1.0,0
3.1199999999999997,72,3.0,0.0,3517.0,,,1
4.8,107,4.0,0.0,5578.0,1968.0,1.0,1
1.105,82,3.0,0.0,3915.0,1970.0,0.0,0
1.56,61,2.0,0.0,3678.0,1950.0,0.0,1
0.475,36,1.0,0.0,1996.0,1931.0,0.0,1
4.029999999999999,76,3.0,0.0,3774.0,1999.0,1.0,1
1.1,72,3.0,0.0,5147.0,1989.0,0.0,1
3.5,67,2.0,0.0,4187.0,2009.0,1.0,1
2.6,72,3.0,0.0,4403.0,1934.0,0.0,1
1.5,47,2.0,0.0,3164.0,1973.0,1.0,1
1.66,59,2.0,0.0,2736.0,1966.0,1.0,0
1.35,79,3.0,0.0,5428.0,2007.0,1.0,1
0.48,54,2.0,0.0,3602.0,1946.0,1.0,1
0.6499999999999999,71,2.0,0.0,4224.0,1989.0,1.0,1
0.91,45,2.0,0.0,3549.0,1998.0,,0
5.45,81,3.0,0.0,4726.0,2007.0,1.0,1
9.530000000000001,112,4.0,0.0,1565.0,1923.0,1.0,1
1.71,96,4.0,0.0,5830.0,1989.0,1.0,1
3.4,34,2.0,0.0,1682.0,1939.0,1.0,1
6.08,107,6.0,0.0,4277.0,2015.0,0.0,0
1.48,53,3.0,0.0,2657.0,2004.0,0.0,0
2.8,39,2.0,0.0,2340.0,1945.0,1.0,1
1.86,75,3.0,0.0,4279.0,1965.0,1.0,1
5.05,83,3.0,0.0,4180.0,1971.0,1.0,1
3.8449999999999998,87,4.0,0.0,5206.0,2011.0,1.0,1
1.075,51,2.0,0.0,2676.0,1962.0,0.0,1
0.385,75,2.0,0.0,3448.0,1968.0,1.0,0
1.27,52,1.0,0.0,2850.0,1982.0,0.0,0
3.03,65,3.0,0.0,3528.0,1968.0,1.0,1
2.4,83,3.0,0.0,3488.0,1966.0,0.0,1
0.20500000000000002,28,1.0,0.0,1696.0,1957.0,0.0,0
2.5300000000000002,90,3.0,0.0,5107.0,1997.0,1.0,1
2.3,32,1.0,0.0,1337.0,1931.0,1.0,1
3.4,45,2.0,0.0,3128.0,2015.0,1.0,1
2.0,78,3.0,0.0,3724.0,2012.0,1.0,0
3.005,56,2.0,0.0,3406.0,1948.0,0.0,1
1.65,34,1.0,0.0,1739.0,1970.0,0.0,1
1.46,83,3.0,0.0,4595.0,1974.0,0.0,1
1.57,54,2.0,0.0,3142.0,1947.0,0.0,1
0.595,75,3.0,0.0,5235.0,1952.0,0.0,1
0.595,71,3.0,0.0,4530.0,1967.0,0.0,1
1.115,73,3.0,0.0,3235.0,1961.0,0.0,0
2.06,78,3.0,0.0,3652.0,1965.0,0.0,1
3.35,56,2.0,0.0,3601.0,2014.0,1.0,1
0.95,66,2.0,0.0,4198.0,1987.0,1.0,0
0.475,48,2.0,0.0,2713.0,1964.0,0.0,1
7.38,89,4.0,0.0,5560.0,1942.0,1.0,1
3.61,62,2.0,0.0,3086.0,1910.0,1.0,1
2.95,36,2.0,0.0,2280.0,2015.0,1.0,1
3.72,64,3.0,0.0,3596.0,1950.0,0.0,1
1.1,60,2.0,0.0,2648.0,1958.0,0.0,0
2.15,72,3.0,0.0,4091.0,2011.0,1.0,0
0.6,92,4.0,0.0,4876.0,1972.0,0.0,0
3.26,97,3.0,0.0,2847.0,1931.0,0.0,1
1.9,48,1.0,0.0,3442.0,1993.0,1.0,1
2.63,67,3.0,0.0,4003.0,2004.0,0.0,0
1.625,79,3.0,0.0,4520.0,1964.0,0.0,1
0.7,91,3.0,0.0,7214.0,1993.0,1.0,1
1.025,45,2.0,0.0,4186.0,1944.0,0.0,0
2.7199999999999998,26,1.0,0.0,1137.0,1932.0,1.0,1
2.8,77,3.0,0.0,3918.0,1978.0,0.0,1
0.482,65,2.0,0.0,3410.0,1974.0,0.0,1
1.805,80,3.0,0.0,4439.0,1985.0,1.0,1
0.675,90,4.0,0.0,4786.0,1954.0,0.0,0
2.295,33,1.0,0.0,1798.0,2012.0,0.0,1
1.275,77,3.0,0.0,4651.0,1957.0,0.0,1
0.65,49,2.0,0.0,3948.0,1947.0,0.0,0
0.87,77,3.0,0.0,4235.0,1970.0,0.0,0
3.09,77,3.0,0.0,5089.0,1988.0,1.0,1
1.44,42,2.0,0.0,3525.0,1994.0,1.0,1
1.325,84,3.0,0.0,3954.0,1965.0,0.0,0
2.44,55,2.0,0.0,4159.0,1951.0,0.0,1
0.4,75,3.0,0.0,4451.0,1960.0,0.0,1
2.45,41,2.0,0.0,2290.0,1939.0,0.0,1
1.2,103,4.0,0.0,4185.0,1972.0,0.0,0
1.71,44,1.0,0.0,2330.0,1947.0,0.0,0
1.4300000000000002,100,3.0,0.0,6258.0,2002.0,1.0,1
0.88,27,1.0,0.0,2888.0,,,1
1.2550000000000001,140,4.0,0.0,3823.0,1981.0,,0
3.465,109,6.0,0.0,4506.0,1929.0,,1
2.2,102,4.0,0.0,4246.0,1931.0,0.0,1
0.51,69,2.0,0.0,3179.0,1947.0,0.0,0
1.1400000000000001,88,4.0,0.0,5454.0,1992.0,0.0,0
1.6,70,2.0,0.0,3177.0,1973.0,0.0,0
4.6,49,2.0,0.0,2966.0,1911.0,1.0,1
8.09,89,4.0,0.0,3517.0,1909.0,1.0,1
1.105,92,3.0,0.0,4029.0,1975.0,0.0,1
0.83,56,2.0,0.0,3075.0,1962.0,0.0,0
3.32,65,2.0,0.0,3025.0,1992.0,1.0,1
2.175,27,1.0,0.0,1522.0,1938.0,1.0,1
4.2700000000000005,145,4.0,0.0,7460.0,2009.0,0.0,1
1.65,99,4.0,0.0,5478.0,1965.0,0.0,0
0.45,79,3.0,0.0,4507.0,1969.0,0.0,0
3.1700000000000004,106,5.0,0.0,5730.0,1965.0,1.0,1
5.075,61,3.0,0.0,3266.0,1931.0,1.0,1
1.41,24,1.0,0.0,2093.0,1933.0,0.0,1
5.12,98,3.0,0.0,4099.0,1920.0,1.0,1
1.255,31,1.0,0.0,2054.0,2014.0,1.0,0
2.21,74,3.0,0.0,3894.0,1951.0,0.0,1
2.05,71,3.0,0.0,4058.0,1961.0,1.0,1
0.865,89,3.0,0.0,5653.0,1988.0,0.0,1
1.85,73,3.0,0.0,4037.0,1964.0,0.0,1
3.825,64,2.0,0.0,4088.0,1947.0,0.0,1
0.13,51,2.0,0.0,3458.0,1946.0,0.0,0
1.85,25,1.0,0.0,1811.0,1960.0,0.0,1
1.2,66,3.0,0.0,3546.0,1960.0,0.0,1
1.3,81,3.0,0.0,4400.0,1973.0,0.0,1
0.9950000000000001,96,3.0,0.0,6161.0,,,1
3.15,49,2.0,0.0,2788.0,1936.0,0.0,1
0.905,64,2.0,0.0,4026.0,1939.0,0.0,0
3.6,39,2.0,0.0,1326.0,1997.0,1.0,1
0.83,56,2.0,0.0,2435.0,1968.0,0.0,0
2.75,101,4.0,1.0,5567.0,2015.0,1.0,1
1.8,58,2.0,0.0,3798.0,1958.0,0.0,1
1.53,96,3.0,0.0,5393.0,1993.0,1.0,0
4.175,41,2.0,0.0,980.0,1871.0,1.0,1
4.3,67,2.0,0.0,3360.0,1913.0,1.0,1
3.23,46,1.0,0.0,2211.0,1940.0,1.0,1
2.19,61,2.0,0.0,3967.0,2005.0,1.0,1
3.06,47,2.0,0.0,3589.0,1945.0,0.0,1
1.64,26,1.0,0.0,1870.0,1970.0,1.0,1
1.3,59,2.0,0.0,2773.0,1958.0,1.0,0
0.695,61,2.0,0.0,4203.0,1952.0,0.0,1
1.45,105,3.0,0.0,5588.0,,,0
1.98,63,2.0,0.0,4928.0,2009.0,1.0,1
2.94,61,3.0,0.0,3592.0,1988.0,1.0,0
2.0300000000000002,59,2.0,0.0,3617.0,1984.0,,0
1.47,47,2.0,0.0,2053.0,1986.0,1.0,1
1.599,63,2.0,0.0,4466.0,1990.0,0.0,1
2.45,80,3.0,0.0,4561.0,2015.0,1.0,1
2.22,37,1.0,0.0,2633.0,1938.0,0.0,0
0.5399999999999999,52,2.0,0.0,2519.0,1949.0,0.0,0
1.88,56,2.0,0.0,3308.0,1999.0,1.0,0
2.17,42,2.0,0.0,2569.0,2013.0,1.0,1
6.91,89,4.0,0.0,2461.0,1964.0,1.0,1
1.68,84,3.0,0.0,5096.0,1969.0,0.0,1
1.45,58,2.0,0.0,2686.0,1966.0,0.0,1
2.69,52,2.0,0.0,3442.0,2012.0,0.0,1
3.485,95,3.0,0.0,4609.0,2011.0,1.0,0
0.625,74,2.0,0.0,4553.0,1994.0,,1
1.5,61,2.0,0.0,4054.0,1971.0,0.0,0
4.535,87,3.0,0.0,4467.0,2006.0,1.0,1
0.6579999999999999,38,1.0,0.0,2960.0,1913.0,0.0,1
1.58,38,2.0,0.0,2844.0,1973.0,1.0,1
0.84,99,4.0,0.0,5891.0,1975.0,0.0,1
2.005,74,3.0,0.0,2535.0,1974.0,1.0,0
1.3,48,2.0,1.0,2432.0,2015.0,,0
3.86,71,3.0,0.0,5119.0,1948.0,0.0,1
1.5,68,3.0,1.0,3161.0,2015.0,,0
3.9699999999999998,47,3.0,0.0,2952.0,1947.0,1.0,1
3.1,46,2.0,0.0,2135.0,1933.0,1.0,1
1.1,42,1.0,0.0,1866.0,1945.0,0.0,0
1.125,43,2.0,0.0,2769.0,1939.0,0.0,0
1.545,43,2.0,0.0,2705.0,1961.0,0.0,1
1.6,70,2.0,0.0,3010.0,1944.0,0.0,0
4.6,58,2.0,0.0,2715.0,1928.0,1.0,1
4.0,81,3.0,0.0,5268.0,2012.0,1.0,1
2.4899999999999998,44,2.0,0.0,2781.0,1917.0,0.0,1
3.38,92,3.0,0.0,4428.0,2011.0,1.0,0
2.9899999999999998,132,5.0,0.0,7768.0,,0.0,1
1.745,66,3.0,0.0,4032.0,1946.0,0.0,1
2.27,27,1.0,0.0,1413.0,,1.0,1
2.8,49,2.0,0.0,2908.0,1941.0,0.0,1
2.825,28,1.0,0.0,1718.0,1948.0,1.0,1
2.5,21,1.0,0.0,1352.0,1941.0,1.0,1
0.65,72,2.0,0.0,5304.0,1990.0,1.0,0
1.9,67,2.0,0.0,3835.0,1986.0,1.0,0
4.85,47,2.0,0.0,1546.0,1909.0,0.0,1
1.7,40,1.0,0.0,2786.0,1955.0,0.0,1
0.17,74,3.0,0.0,4899.0,,0.0,0
1.0,55,2.0,0.0,3764.0,1954.0,0.0,1
2.4099999999999997,24,1.0,0.0,1199.0,1944.0,1.0,1
0.717,61,2.0,0.0,4705.0,1990.0,0.0,1
3.2,101,4.0,0.0,4428.0,1978.0,1.0,1
3.24,56,2.0,0.0,3260.0,2011.0,1.0,1
10.61,119,3.0,0.0,5435.0,1918.0,0.0,1
5.425000000000001,167,5.0,0.0,6518.0,1931.0,1.0,1
2.35,76,3.0,0.0,4452.0,1964.0,0.0,1
2.73,61,2.0,0.0,3074.0,1946.0,0.0,1
0.88,67,2.0,0.0,2713.0,1973.0,0.0,0
6.235,72,3.0,0.0,3710.0,2004.0,1.0,1
6.109999999999999,62,2.0,0.0,3192.0,1909.0,1.0,1
0.325,54,2.0,0.0,2719.0,1961.0,0.0,1
2.85,99,5.0,0.0,3901.0,1965.0,0.0,0
3.67,73,2.0,0.0,4208.0,2008.0,1.0,1
0.55,53,2.0,0.0,2894.0,1958.0,0.0,1
2.475,89,3.0,0.0,3770.0,1969.0,1.0,1
4.995,56,2.0,0.0,2203.0,1907.0,1.0,1
2.5,36,1.0,0.0,2237.0,1941.0,1.0,1
2.01,71,3.0,0.0,3682.0,1968.0,0.0,1
0.57,62,2.0,0.0,3850.0,1984.0,0.0,0
1.475,94,4.0,0.0,5472.0,1960.0,,0
1.325,107,4.0,0.0,4606.0,1982.0,0.0,0
2.65,43,2.0,0.0,1856.0,1938.0,0.0,1
1.5,85,3.0,1.0,4899.0,2014.0,1.0,1
0.555,79,3.0,0.0,3792.0,1986.0,,0
1.7049999999999998,68,3.0,0.0,3484.0,1972.0,0.0,1
2.02,24,1.0,0.0,1370.0,1949.0,0.0,0
1.955,60,2.0,0.0,3720.0,1970.0,0.0,1
3.65,88,3.0,0.0,5612.0,2008.0,1.0,1
3.41,63,2.0,0.0,4335.0,2005.0,1.0,1
2.495,80,3.0,0.0,5694.0,2008.0,1.0,1
3.5300000000000002,91,4.0,0.0,5383.0,1961.0,1.0,1
2.3,53,2.0,0.0,3421.0,1920.0,0.0,1
2.695,28,1.0,0.0,1542.0,1970.0,1.0,1
1.17,88,4.0,0.0,6162.0,1982.0,0.0,1
2.7,66,3.0,0.0,3902.0,1922.0,0.0,1
3.2,79,3.0,0.0,4481.0,1971.0,0.0,1
2.85,35,1.0,0.0,2389.0,1912.0,1.0,1
1.735,60,2.0,0.0,3891.0,2015.0,1.0,1
2.0,86,3.0,0.0,4528.0,1973.0,0.0,1
2.03,89,4.0,0.0,5665.0,1969.0,0.0,1
1.725,79,3.0,0.0,3737.0,1956.0,0.0,0
1.595,36,2.0,1.0,2715.0,,0.0,1
1.51,90,4.0,0.0,5558.0,1993.0,0.0,0
0.375,51,1.0,0.0,3683.0,1990.0,1.0,0
1.17,43,1.0,0.0,2545.0,1970.0,1.0,1
3.1,36,1.0,0.0,1958.0,1869.0,0.0,1
2.195,54,2.0,0.0,3550.0,1994.0,1.0,1
0.651,63,2.0,0.0,3332.0,1965.0,1.0,1
0.495,37,1.0,0.0,2086.0,1961.0,0.0,0
0.82,75,2.0,0.0,3793.0,1968.0,1.0,1
2.37,60,2.0,0.0,3975.0,1941.0,1.0,1
3.535,43,2.0,0.0,1684.0,1939.0,0.0,1
1.41,60,2.0,0.0,3414.0,1973.0,1.0,1
6.8,64,2.0,0.0,2977.0,1905.0,1.0,1
2.213,60,2.0,0.0,4018.0,1988.0,1.0,1
1.08,84,3.0,0.0,4791.0,1990.0,0.0,1
0.48,93,4.0,0.0,3174.0,1960.0,0.0,0
1.87,60,2.0,0.0,3896.0,1931.0,1.0,1
0.49,55,2.0,0.0,4601.0,1968.0,1.0,0
1.775,102,4.0,0.0,4058.0,1970.0,1.0,0
1.21,48,2.0,0.0,3755.0,1970.0,1.0,1
0.925,84,4.0,0.0,4827.0,1963.0,,0
0.295,84,4.0,0.0,4991.0,,,1
1.62,74,3.0,0.0,5033.0,1955.0,0.0,1
1.0499999999999998,74,4.0,0.0,4310.0,2014.0,0.0,1
0.355,35,1.0,0.0,2706.0,1958.0,0.0,0
2.18,89,5.0,0.0,4644.0,2000.0,0.0,1
2.92,56,2.0,0.0,3559.0,1950.0,0.0,1
1.915,37,1.0,0.0,1685.0,1963.0,1.0,1
1.45,77,3.0,0.0,5642.0,1949.0,1.0,0
1.1,62,2.0,0.0,3312.0,1960.0,0.0,0
1.01,33,1.0,1.0,1963.0,2015.0,0.0,0
4.5,43,2.0,0.0,2749.0,2013.0,1.0,1
1.45,53,2.0,0.0,4113.0,1986.0,,1
1.6050000000000002,65,2.0,0.0,2671.0,2010.0,1.0,1
1.37,33,1.0,0.0,2205.0,1944.0,0.0,0
3.025,64,3.0,0.0,3835.0,1943.0,0.0,1
0.855,57,2.0,0.0,3437.0,1986.0,1.0,0
1.895,85,4.0,0.0,4412.0,1968.0,0.0,1
2.1,99,5.0,0.0,4909.0,1986.0,1.0,1
1.75,68,3.0,0.0,4167.0,2014.0,0.0,0
1.64,24,1.0,0.0,1208.0,1961.0,0.0,1
2.3600000000000003,115,4.0,1.0,5632.0,,1.0,1
2.13,60,2.0,1.0,3762.0,,,1
2.56,33,2.0,0.0,2073.0,1941.0,0.0,1
1.475,93,4.0,0.0,4392.0,1978.0,0.0,0
1.875,54,2.0,0.0,3555.0,1964.0,0.0,1
1.7000000000000002,87,3.0,0.0,5730.0,2008.0,1.0,1
2.0,83,4.0,0.0,5122.0,1962.0,0.0,1
2.02,54,2.0,1.0,3081.0,,1.0,1
4.2,37,2.0,0.0,1388.0,1931.0,1.0,1
1.79,72,3.0,0.0,4116.0,1934.0,0.0,0
4.575,71,2.0,0.0,3482.0,1971.0,1.0,1
5.07,135,5.0,0.0,6346.0,2012.0,0.0,1
2.425,44,2.0,0.0,2664.0,1947.0,0.0,1
4.79,95,3.0,0.0,4326.0,2013.0,1.0,0
1.925,57,2.0,1.0,3417.0,,1.0,1
2.575,61,2.0,0.0,4222.0,1995.0,1.0,1
3.5749999999999997,131,3.0,0.0,6756.0,2010.0,1.0,1
2.395,84,3.0,1.0,4267.0,,1.0,1
0.795,51,2.0,0.0,2744.0,1949.0,0.0,0
1.15,45,2.0,0.0,2321.0,1942.0,0.0,1
1.545,60,2.0,0.0,2062.0,1959.0,0.0,1
0.63,60,2.0,0.0,3210.0,1951.0,0.0,0
1.4,52,2.0,1.0,3746.0,,1.0,0
1.65,31,1.0,0.0,2193.0,1967.0,0.0,1
3.5,41,2.0,0.0,2410.0,1931.0,1.0,1
2.8099999999999996,45,2.0,0.0,2999.0,1948.0,0.0,1
1.48,89,3.0,0.0,5731.0,1950.0,0.0,1
3.395,88,3.0,0.0,2821.0,2010.0,1.0,0
2.74,73,3.0,0.0,3599.0,1949.0,0.0,0
1.94,77,3.0,0.0,4103.0,1955.0,0.0,1
0.795,59,2.0,0.0,4589.0,1990.0,1.0,0
6.85,99,4.0,0.0,4603.0,2010.0,1.0,1
1.6,83,3.0,0.0,5141.0,1970.0,1.0,1
2.56,25,1.0,0.0,1303.0,1933.0,1.0,1
2.585,41,2.0,0.0,2803.0,1945.0,1.0,1
1.02,66,2.0,0.0,5188.0,1993.0,1.0,0
3.63,79,3.0,0.0,2062.0,,0.0,1
1.51,67,2.0,0.0,3825.0,1967.0,0.0,1
1.6,31,1.0,0.0,2177.0,1961.0,0.0,1
0.325,74,3.0,0.0,4778.0,1965.0,0.0,0
4.4,70,3.0,0.0,4201.0,1883.0,1.0,1
0.52,92,3.0,0.0,5231.0,1992.0,1.0,0
2.12,98,4.0,0.0,4996.0,,0.0,0
1.582,72,2.0,0.0,2734.0,1985.0,1.0,1
0.47,34,1.0,0.0,2434.0,1969.0,0.0,0
0.565,24,1.0,0.0,1639.0,1960.0,0.0,0
1.6,118,5.0,1.0,4787.0,,0.0,0
3.4,60,2.0,0.0,1951.0,1962.0,1.0,1
1.5,87,5.0,0.0,4252.0,1961.0,0.0,1
1.31,83,3.0,0.0,4109.0,1979.0,0.0,1
0.56,34,1.0,0.0,1918.0,1938.0,0.0,1
2.2600000000000002,83,3.0,0.0,4593.0,2012.0,1.0,1
1.44,59,2.0,1.0,3011.0,,1.0,0
1.85,83,3.0,0.0,4963.0,1971.0,0.0,1
1.375,83,3.0,0.0,3537.0,1961.0,0.0,0
0.45,91,4.0,0.0,4966.0,,0.0,1
2.8,74,4.0,0.0,4123.0,,0.0,1
0.895,55,2.0,0.0,2387.0,1960.0,0.0,0
1.15,69,2.0,0.0,6089.0,1978.0,1.0,1
2.52,66,2.0,0.0,3639.0,1974.0,1.0,1
2.52,96,3.0,0.0,4689.0,1915.0,0.0,1
2.705,58,2.0,0.0,2498.0,1932.0,0.0,1
0.673,52,2.0,0.0,3424.0,1975.0,0.0,1
1.1,83,3.0,0.0,3403.0,1965.0,0.0,0
3.74,61,2.0,0.0,2030.0,1977.0,1.0,1
1.125,37,2.0,1.0,2272.0,2015.0,1.0,1
1.4,56,2.0,0.0,3216.0,1957.0,1.0,1
0.844,58,2.0,0.0,2669.0,1972.0,0.0,1
13.3,165,5.0,0.0,5279.0,1923.0,1.0,1
0.9,97,4.0,0.0,6131.0,1985.0,0.0,1
3.545,84,4.0,1.0,5164.0,,1.0,1
0.83,64,3.0,0.0,4051.0,1955.0,0.0,0
0.73,63,2.0,0.0,2632.0,1971.0,0.0,0
2.5,44,2.0,0.0,3397.0,2015.0,1.0,1
1.95,106,4.0,0.0,6983.0,1985.0,0.0,1
3.24,49,2.0,0.0,3093.0,2012.0,1.0,1
3.775,74,3.0,0.0,3334.0,1952.0,0.0,1
2.87,85,3.0,0.0,3973.0,1971.0,0.0,1
2.75,27,1.0,0.0,1404.0,1933.0,1.0,1
0.25,62,2.0,0.0,3834.0,1958.0,0.0,0
3.1,94,4.0,0.0,5094.0,2011.0,1.0,1
2.23,37,1.0,0.0,1666.0,1934.0,0.0,1
1.395,36,1.0,0.0,2783.0,1939.0,0.0,1
2.86,34,2.0,0.0,2365.0,1916.0,0.0,1
2.145,55,2.0,1.0,2628.0,,1.0,1
2.11,77,3.0,0.0,3833.0,1972.0,0.0,1
2.62,96,4.0,0.0,6034.0,2006.0,1.0,0
1.995,26,1.0,0.0,1882.0,1958.0,0.0,1
1.6600000000000001,87,3.0,0.0,6159.0,1987.0,0.0,1
0.43,66,3.0,0.0,5522.0,1986.0,1.0,1
1.31,25,1.0,0.0,1470.0,2014.0,1.0,1
1.85,29,1.0,0.0,1844.0,1970.0,1.0,1
2.955,51,2.0,0.0,3119.0,1968.0,1.0,1
1.72,63,2.0,0.0,3887.0,1962.0,1.0,1
1.97,62,2.0,0.0,4477.0,1993.0,1.0,1
4.95,96,4.0,0.0,5938.0,2007.0,1.0,1
4.920000000000001,68,3.0,0.0,2816.0,2012.0,1.0,1
0.6200000000000001,30,1.0,0.0,2939.0,1943.0,1.0,0
2.45,79,3.0,0.0,4820.0,,1.0,1
1.01,80,3.0,0.0,3434.0,1970.0,0.0,0
0.86,43,2.0,0.0,5113.0,1994.0,1.0,0
1.475,75,3.0,0.0,3464.0,1953.0,0.0,0
3.75,42,2.0,0.0,2486.0,1946.0,0.0,1
1.975,29,1.0,0.0,1680.0,1958.0,0.0,1
4.185,46,2.0,0.0,1253.0,1912.0,0.0,1
2.5,27,1.0,0.0,2063.0,1953.0,1.0,1
0.455,73,3.0,0.0,3232.0,1965.0,0.0,0
1.9299999999999997,66,3.0,0.0,3485.0,1998.0,1.0,1
1.695,35,2.0,0.0,2553.0,1973.0,1.0,1
2.9299999999999997,101,4.0,0.0,4894.0,1962.0,0.0,1
0.54,53,1.0,0.0,3235.0,1968.0,0.0,0
0.86,51,2.0,0.0,3390.0,1993.0,0.0,1
0.23,35,1.0,0.0,1618.0,1961.0,0.0,0
1.2,49,2.0,1.0,2551.0,,1.0,0
0.975,49,2.0,0.0,3957.0,1976.0,1.0,0
1.995,68,2.0,1.0,3834.0,2015.0,1.0,0
1.75,23,1.0,0.0,1560.0,1955.0,0.0,1
1.805,44,2.0,1.0,2463.0,,1.0,0
1.365,44,1.0,0.0,3190.0,2014.0,0.0,0
1.415,83,3.0,0.0,3308.0,1970.0,1.0,0
3.75,68,2.0,0.0,4126.0,2014.0,1.0,1
2.8,88,3.0,0.0,3430.0,1962.0,1.0,1
0.5900000000000001,48,2.0,0.0,3524.0,1953.0,0.0,0
2.255,82,3.0,0.0,4174.0,1970.0,0.0,0
2.75,89,4.0,0.0,5362.0,2009.0,1.0,1
1.9,50,2.0,0.0,3338.0,1957.0,0.0,1
4.95,51,2.0,0.0,2415.0,1909.0,0.0,1
1.845,57,2.0,0.0,2966.0,1955.0,1.0,1
3.65,69,3.0,0.0,3624.0,1950.0,0.0,1
5.395,65,3.0,0.0,2496.0,1876.0,0.0,1
2.48,66,3.0,0.0,4916.0,1993.0,0.0,1
0.305,76,3.0,0.0,4933.0,1990.0,,1
1.295,53,2.0,0.0,5292.0,1995.0,0.0,1
1.4,65,2.0,0.0,4588.0,1990.0,1.0,1
1.29,77,3.0,0.0,4019.0,1969.0,1.0,1
0.345,51,2.0,0.0,2674.0,1959.0,0.0,1
2.3,23,1.0,0.0,1855.0,1943.0,1.0,1
1.95,30,1.0,0.0,1550.0,1953.0,1.0,1
0.945,53,2.0,0.0,3947.0,1995.0,0.0,1
1.7650000000000001,136,4.0,0.0,6257.0,1984.0,0.0,0
1.6,59,2.0,0.0,3018.0,1962.0,1.0,1
0.725,71,3.0,0.0,3563.0,1952.0,0.0,0
1.64,52,2.0,1.0,2906.0,,1.0,1
1.55,82,3.0,0.0,4296.0,1968.0,1.0,1
1.9,42,1.0,0.0,2157.0,1973.0,1.0,1
1.65,97,4.0,0.0,3466.0,2015.0,0.0,0
3.9,96,4.0,0.0,3874.0,1956.0,,1
3.15,50,2.0,0.0,2803.0,1945.0,0.0,1
4.0,116,5.0,1.0,3716.0,,0.0,1
2.9999999999999996,62,3.0,0.0,6152.0,1915.0,1.0,1
1.85,45,2.0,0.0,2437.0,2011.0,1.0,1
2.29,57,2.0,0.0,2985.0,1957.0,0.0,1
1.95,55,2.0,0.0,2950.0,1963.0,0.0,1
2.05,58,2.0,0.0,3802.0,1994.0,1.0,1
0.15,55,2.0,0.0,3122.0,1961.0,0.0,0
5.020000000000001,44,2.0,1.0,2064.0,1931.0,1.0,1
1.32,111,5.0,0.0,6022.0,1966.0,0.0,0
2.015,46,2.0,0.0,2620.0,,,1
2.3499999999999996,101,5.0,0.0,6470.0,1984.0,0.0,1
1.04,120,4.0,0.0,6536.0,1990.0,0.0,0
0.675,59,2.0,0.0,2992.0,1965.0,0.0,1
2.35,39,2.0,0.0,2399.0,1944.0,1.0,1
1.5,52,2.0,0.0,2238.0,1961.0,1.0,1
2.45,67,2.0,0.0,4107.0,2013.0,1.0,1
2.14,39,2.0,0.0,2307.0,,1.0,1
0.675,44,2.0,0.0,2997.0,1977.0,0.0,1
1.43,42,1.0,0.0,3002.0,1932.0,0.0,1
0.565,43,2.0,0.0,3762.0,1940.0,0.0,1
1.7,46,2.0,0.0,3372.0,1940.0,0.0,1
0.16499999999999998,62,2.0,0.0,3344.0,,0.0,0
0.43,36,1.0,0.0,2506.0,1970.0,0.0,0
3.1,62,2.0,0.0,2388.0,1949.0,1.0,1
0.7,71,3.0,0.0,3190.0,1967.0,0.0,1
2.4,59,2.0,0.0,3461.0,1946.0,0.0,1
0.28,47,1.0,0.0,2638.0,1958.0,0.0,0
5.615,77,2.0,0.0,3410.0,1915.0,0.0,1
3.0,50,2.0,0.0,3181.0,1948.0,0.0,1
2.37,59,2.0,0.0,2715.0,1959.0,0.0,1
3.1,67,3.0,0.0,3239.0,1952.0,0.0,1
0.685,53,2.0,0.0,3399.0,1948.0,0.0,1
1.81,67,2.0,0.0,3244.0,1942.0,1.0,1
0.495,58,2.0,0.0,3161.0,1957.0,0.0,1
0.345,74,2.0,0.0,4791.0,1995.0,1.0,0
1.79,25,1.0,1.0,2044.0,2014.0,1.0,1
1.17,46,2.0,0.0,2682.0,1969.0,0.0,1
1.8050000000000002,106,4.0,0.0,5850.0,1993.0,0.0,1
1.335,53,2.0,0.0,2915.0,1960.0,0.0,0
1.56,85,3.0,0.0,5163.0,1973.0,1.0,1
2.8,41,2.0,0.0,2408.0,2013.0,1.0,1
2.25,40,2.0,0.0,2569.0,,1.0,1
1.525,40,1.0,1.0,2140.0,,0.0,1
3.72,66,2.0,0.0,2802.0,1986.0,1.0,1
1.22,61,2.0,0.0,3427.0,1965.0,0.0,0
1.325,35,1.0,0.0,1793.0,1961.0,0.0,1
3.205,63,2.0,0.0,3335.0,1939.0,1.0,0
3.11,38,1.0,0.0,2047.0,1916.0,1.0,1
1.5,44,2.0,0.0,3319.0,2012.0,0.0,1
2.05,52,2.0,0.0,3721.0,1994.0,1.0,1
0.68,75,3.0,0.0,3266.0,1968.0,0.0,1
1.395,81,3.0,0.0,6008.0,2006.0,1.0,1
0.815,78,2.0,0.0,5303.0,1993.0,1.0,1
3.3000000000000003,41,2.0,0.0,2479.0,1975.0,1.0,1
1.425,65,2.0,0.0,3338.0,1970.0,1.0,1
8.704999999999998,121,3.0,0.0,5296.0,1909.0,0.0,1
1.395,19,1.0,0.0,1400.0,1940.0,0.0,0
0.725,61,2.0,0.0,4112.0,1968.0,0.0,1
2.45,62,2.0,0.0,2817.0,1946.0,0.0,0
0.63,65,2.0,0.0,3280.0,1994.0,,0
1.615,49,2.0,0.0,3812.0,1947.0,0.0,1
0.725,56,2.0,0.0,3752.0,1949.0,0.0,0
2.71,117,4.0,0.0,6845.0,1927.0,1.0,1
1.085,47,2.0,0.0,3140.0,1941.0,0.0,0
0.22000000000000003,79,4.0,0.0,5872.0,1945.0,0.0,0
1.675,41,2.0,0.0,2781.0,1961.0,0.0,1
3.05,47,2.0,0.0,3521.0,1948.0,0.0,1
0.805,67,2.0,0.0,3308.0,1982.0,,0
1.87,104,4.0,0.0,7040.0,1970.0,1.0,1
3.925,109,5.0,1.0,3320.0,,0.0,1
1.45,72,3.0,0.0,3326.0,1969.0,0.0,0
0.085,106,5.0,0.0,1347.0,2011.0,,0
3.1,102,4.0,0.0,3347.0,2015.0,,0
0.3,53,2.0,0.0,2685.0,,0.0,0
2.125,71,2.0,0.0,3524.0,2009.0,1.0,1
2.6,41,2.0,0.0,1889.0,1986.0,1.0,1
1.45,57,2.0,0.0,3727.0,1962.0,1.0,1
1.33,35,1.0,0.0,1859.0,1966.0,0.0,1
2.195,48,2.0,0.0,2775.0,1977.0,0.0,1
1.6,106,4.0,0.0,4837.0,1967.0,0.0,1
0.595,76,3.0,0.0,3063.0,1970.0,0.0,0
1.815,79,3.0,1.0,4216.0,2015.0,1.0,0
1.9,83,3.0,0.0,3645.0,1978.0,,0
1.39,61,2.0,0.0,3151.0,1958.0,0.0,0
2.15,40,2.0,0.0,2844.0,1967.0,1.0,1
3.55,76,3.0,0.0,3560.0,1938.0,1.0,1
3.4,104,4.0,0.0,5978.0,2012.0,1.0,0
3.23,51,3.0,0.0,2764.0,,,1
3.3,39,1.0,0.0,1818.0,1929.0,1.0,1
1.72,79,3.0,0.0,4407.0,1994.0,0.0,1
2.4,37,1.0,0.0,2380.0,1932.0,0.0,1
0.96,95,4.0,0.0,5801.0,1970.0,0.0,1
1.875,81,3.0,0.0,4272.0,1965.0,0.0,1
3.95,41,2.0,0.0,2856.0,1944.0,0.0,1
3.095,109,4.0,0.0,7327.0,1989.0,1.0,1
0.6599999999999999,38,1.0,0.0,3014.0,1941.0,1.0,0
4.65,65,3.0,0.0,3171.0,1916.0,1.0,1
1.795,39,1.0,0.0,2844.0,1992.0,1.0,1
0.535,27,1.0,0.0,1669.0,1953.0,0.0,0
2.7,77,3.0,0.0,4299.0,,1.0,1
0.63,96,3.0,0.0,6440.0,1990.0,0.0,0
4.75,61,2.0,0.0,1778.0,1970.0,1.0,1
5.0,69,2.0,0.0,3118.0,1992.0,1.0,1
2.83,63,3.0,0.0,2519.0,1932.0,0.0,1
0.785,75,3.0,0.0,4223.0,,0.0,0
1.3599999999999999,91,3.0,0.0,4623.0,1992.0,1.0,0
3.0,55,3.0,0.0,2493.0,1941.0,0.0,1
3.305,89,4.0,0.0,5175.0,2009.0,1.0,1
2.44,38,2.0,0.0,2939.0,1944.0,0.0,1
0.365,116,5.0,0.0,6235.0,1993.0,,0
1.075,45,2.0,0.0,3600.0,2008.0,0.0,1
2.06,52,2.0,0.0,2935.0,1958.0,0.0,1
1.56,36,1.0,0.0,2080.0,1956.0,0.0,1
2.945,49,2.0,0.0,2522.0,1944.0,0.0,1
0.825,64,2.0,0.0,3298.0,1961.0,1.0,0
5.420000000000002,66,3.0,0.0,1784.0,1757.0,0.0,1
2.11,51,,0.0,3010.0,,,1
6.0,65,2.0,0.0,2550.0,1880.0,0.0,1
0.67,58,2.0,0.0,3225.0,1966.0,0.0,0
1.0,60,2.0,0.0,3869.0,1946.0,0.0,0
1.67,45,1.0,0.0,2086.0,1966.0,0.0,0
3.16,44,2.0,0.0,1555.0,1942.0,1.0,1
2.03,44,2.0,0.0,2542.0,2012.0,1.0,1
2.8000000000000003,48,2.0,0.0,3868.0,1938.0,0.0,1
1.035,70,2.0,0.0,3975.0,1991.0,1.0,0
2.695,79,3.0,0.0,4030.0,1979.0,1.0,1
1.82,29,1.0,0.0,1843.0,1970.0,1.0,1
1.175,60,2.0,0.0,3753.0,1947.0,0.0,0
1.9,58,2.0,0.0,2790.0,1965.0,0.0,0
0.96,80,3.0,0.0,4694.0,1974.0,0.0,0
5.6,82,3.0,0.0,5150.0,2007.0,1.0,1
2.4,43,2.0,0.0,3281.0,1949.0,0.0,1
0.81,44,1.0,0.0,3156.0,1975.0,1.0,1
0.535,57,2.0,0.0,3104.0,1958.0,0.0,0
2.15,87,4.0,0.0,4888.0,1959.0,1.0,1
1.9,70,2.0,0.0,4104.0,1940.0,0.0,0
3.08,52,2.0,0.0,3178.0,1952.0,0.0,1
3.3299999999999996,86,3.0,0.0,1338.0,1950.0,1.0,1
6.88,83,3.0,0.0,1681.0,1978.0,1.0,1
3.5050000000000003,36,2.0,0.0,1564.0,1938.0,1.0,1
5.745,135,4.0,0.0,4742.0,1908.0,1.0,1
8.75,112,4.0,0.0,3251.0,1914.0,0.0,1
1.71,67,2.0,1.0,4049.0,,1.0,0
1.7750000000000001,119,5.0,0.0,7127.0,,0.0,1
4.1,78,3.0,0.0,4433.0,2010.0,1.0,1
0.99,77,3.0,0.0,4821.0,1985.0,1.0,0
2.6599999999999997,75,2.0,0.0,3558.0,1914.0,1.0,1
2.895,40,2.0,0.0,2181.0,1933.0,0.0,1
1.65,111,4.0,0.0,8242.0,1967.0,1.0,1
1.85,62,3.0,1.0,3855.0,,1.0,0
2.18,79,2.0,0.0,3763.0,1995.0,1.0,1
3.08,36,2.0,0.0,2092.0,1963.0,1.0,1
1.755,84,1.0,0.0,4457.0,2015.0,0.0,1
1.005,105,4.0,0.0,5274.0,1962.0,0.0,0
0.775,59,2.0,0.0,2987.0,1960.0,0.0,0
2.48,56,2.0,0.0,2988.0,1918.0,0.0,1
2.16,76,3.0,0.0,4431.0,1979.0,1.0,1
3.3,75,3.0,0.0,4548.0,1964.0,0.0,1
0.56,55,2.0,0.0,4444.0,,0.0,0
0.395,69,2.0,0.0,3760.0,1971.0,0.0,0
0.78,57,2.0,0.0,3061.0,1947.0,0.0,1
2.8,42,1.0,0.0,2822.0,1948.0,0.0,1
1.75,82,3.0,0.0,3953.0,1955.0,0.0,1
0.895,62,2.0,0.0,3225.0,1956.0,1.0,1
0.233,67,3.0,0.0,3616.0,1959.0,0.0,0
1.2049999999999998,42,2.0,0.0,2583.0,1994.0,0.0,0
3.61,105,5.0,0.0,5282.0,1981.0,1.0,1
3.42,50,2.0,0.0,3542.0,2015.0,1.0,1
2.5,34,1.0,0.0,1729.0,,,1
2.275,74,3.0,0.0,1859.0,1961.0,1.0,0
2.5,83,3.0,1.0,3617.0,2014.0,1.0,1
2.375,95,4.0,0.0,7259.0,1996.0,1.0,0
0.125,65,2.0,0.0,2323.0,1971.0,0.0,1
3.675,78,3.0,0.0,4851.0,2009.0,1.0,1
3.45,36,2.0,0.0,2069.0,1942.0,1.0,1
0.96,50,2.0,0.0,1969.0,1962.0,0.0,0
3.27,45,2.0,0.0,2478.0,1943.0,1.0,1
1.1,26,1.0,0.0,1794.0,1963.0,0.0,0
4.025,75,3.0,0.0,4769.0,2006.0,1.0,1
0.81,42,1.0,0.0,2257.0,1937.0,0.0,1
2.36,34,2.0,0.0,1933.0,1957.0,0.0,1
1.05,76,3.0,0.0,5369.0,1952.0,0.0,1
2.8,78,3.0,0.0,4917.0,1962.0,1.0,1
0.7,53,2.0,0.0,3012.0,1960.0,0.0,0
0.66,52,2.0,0.0,3320.0,1963.0,0.0,1
5.6,100,4.0,0.0,5269.0,2015.0,0.0,1
0.86,77,3.0,0.0,3935.0,1980.0,1.0,1
0.91,39,1.0,0.0,3126.0,1944.0,0.0,0
2.4,88,3.0,0.0,5766.0,1986.0,1.0,1
1.9000000000000001,123,5.0,0.0,6597.0,1987.0,0.0,1
2.1399999999999997,101,4.0,0.0,4893.0,,,0
0.295,77,3.0,0.0,3591.0,1959.0,0.0,1
1.35,58,2.0,0.0,2555.0,1953.0,0.0,1
1.075,73,3.0,0.0,4190.0,1964.0,,0
6.365,106,4.0,0.0,4807.0,1947.0,0.0,1
1.6,64,3.0,0.0,2928.0,1953.0,0.0,0
3.15,56,2.0,0.0,4005.0,1941.0,0.0,1
2.9,67,3.0,0.0,4306.0,1954.0,0.0,1
3.05,51,2.0,1.0,3428.0,2015.0,1.0,1
1.845,83,4.0,0.0,4063.0,1959.0,0.0,1
2.798,74,4.0,0.0,4365.0,2013.0,1.0,1
1.98,146,5.0,0.0,5524.0,1984.0,0.0,0
0.39,53,2.0,0.0,3453.0,1939.0,0.0,0
1.235,52,1.0,0.0,3131.0,1914.0,1.0,1
1.65,73,3.0,0.0,3339.0,1956.0,,1
2.125,71,3.0,0.0,5097.0,2010.0,1.0,1
0.285,71,3.0,0.0,3058.0,1960.0,0.0,0
1.44,69,2.0,0.0,6323.0,1994.0,,1
7.535,91,3.0,0.0,4082.0,1910.0,1.0,1
3.16,87,4.0,0.0,5779.0,2004.0,1.0,1
1.925,83,3.0,0.0,4464.0,,0.0,1
2.35,47,2.0,0.0,2343.0,1989.0,1.0,1
1.695,67,3.0,0.0,4902.0,1956.0,0.0,1
2.38,127,5.0,0.0,5800.0,2014.0,,0
2.445,77,3.0,1.0,4440.0,,1.0,1
2.325,107,5.0,0.0,2364.0,2010.0,,0
3.41,74,2.0,0.0,5583.0,1995.0,1.0,1
0.76,69,3.0,0.0,3925.0,1966.0,1.0,1
0.83,70,3.0,0.0,3952.0,1952.0,0.0,0
3.5,55,2.0,0.0,3067.0,2004.0,1.0,1
2.7,38,1.0,0.0,1960.0,1941.0,1.0,1
0.99,68,4.0,0.0,2001.0,1982.0,,0
1.925,123,4.0,0.0,4679.0,1981.0,,0
1.15,74,2.0,0.0,4774.0,1994.0,1.0,1
0.435,16,1.0,0.0,1025.0,1956.0,0.0,0
2.63,53,2.0,0.0,3324.0,1953.0,0.0,1
2.0749999999999997,57,3.0,1.0,3719.0,,1.0,1
2.505,95,2.0,0.0,6024.0,1986.0,1.0,1
1.2,63,2.0,0.0,3463.0,1974.0,0.0,1
2.6,67,3.0,1.0,4193.0,,1.0,1
2.3,38,1.0,0.0,1951.0,1957.0,0.0,1
3.855,132,5.0,0.0,5830.0,1986.0,0.0,1
0.18,82,3.0,0.0,3655.0,1981.0,,0
1.8800000000000001,44,1.0,0.0,2585.0,1971.0,1.0,1
0.695,67,3.0,0.0,3559.0,1965.0,0.0,1
1.285,55,2.0,0.0,3284.0,1949.0,0.0,0
1.6,53,2.0,1.0,3013.0,,0.0,1
0.48500000000000004,31,1.0,0.0,1518.0,1963.0,0.0,0
1.425,67,3.0,0.0,4434.0,1963.0,0.0,1
1.5,40,1.0,0.0,1930.0,1959.0,0.0,1
3.0599999999999996,44,2.0,0.0,2721.0,1938.0,1.0,1
1.46,91,3.0,0.0,6239.0,1994.0,1.0,1
2.31,80,3.0,0.0,4934.0,2002.0,0.0,1
1.6,63,2.0,0.0,4030.0,1988.0,1.0,0
3.095,31,1.0,0.0,1859.0,1921.0,1.0,1
1.295,66,3.0,0.0,3538.0,,1.0,1
0.55,92,4.0,0.0,6438.0,1991.0,0.0,1
5.079999999999999,44,3.0,0.0,1541.0,1916.0,0.0,1
1.28,34,1.0,0.0,2673.0,1959.0,0.0,1
1.2,59,2.0,0.0,3883.0,1957.0,0.0,1
0.8119999999999999,67,2.0,0.0,4092.0,1959.0,1.0,1
4.05,59,2.0,0.0,3051.0,1909.0,1.0,1
1.82,70,2.0,0.0,5545.0,1996.0,1.0,0
3.91,86,3.0,0.0,4536.0,2009.0,1.0,1
0.5549999999999999,29,1.0,0.0,2046.0,1953.0,0.0,1
2.345,73,3.0,1.0,3497.0,2015.0,0.0,1
1.59,64,2.0,0.0,4216.0,1934.0,0.0,1
2.0,79,3.0,0.0,3326.0,1967.0,0.0,1
2.72,130,6.0,0.0,7228.0,2008.0,0.0,0
2.75,34,1.0,0.0,1432.0,1967.0,1.0,1
2.0,57,2.0,0.0,3032.0,1952.0,0.0,1
2.15,27,1.0,0.0,2071.0,1954.0,0.0,1
1.9849999999999999,138,5.0,0.0,7144.0,1983.0,0.0,0
1.195,57,2.0,0.0,2961.0,1936.0,0.0,0
2.77,69,3.0,0.0,2994.0,2015.0,1.0,1
3.7,73,3.0,0.0,3751.0,1958.0,0.0,1
3.14,43,2.0,0.0,2453.0,,1.0,1
1.5,61,2.0,0.0,3063.0,,1.0,0
2.85,47,2.0,0.0,3036.0,1950.0,0.0,1
2.1,62,2.0,0.0,4409.0,2003.0,0.0,1
4.6,77,3.0,0.0,4247.0,2012.0,1.0,1
2.705,61,2.0,0.0,2970.0,2015.0,1.0,1
0.9,33,1.0,0.0,2209.0,2012.0,1.0,0
2.175,30,1.0,0.0,1463.0,1952.0,0.0,1
6.699999999999999,87,4.0,0.0,3831.0,1946.0,1.0,1
3.72,76,2.0,0.0,3601.0,2015.0,0.0,1
0.62,38,1.0,0.0,2339.0,1951.0,0.0,0
2.3449999999999998,82,3.0,0.0,4257.0,,0.0,1
8.42,87,3.0,0.0,4619.0,1916.0,1.0,1
4.0,55,2.0,0.0,3273.0,2012.0,1.0,1
4.2,109,3.0,0.0,5956.0,2009.0,1.0,1
3.535,115,4.0,0.0,6105.0,2005.0,1.0,1
2.69,61,3.0,0.0,3140.0,2005.0,1.0,1
0.21,74,3.0,0.0,4208.0,1956.0,0.0,0
1.9,36,1.0,0.0,2801.0,1944.0,1.0,1
2.1,48,1.0,0.0,2260.0,1961.0,1.0,0
0.38999999999999996,67,2.0,0.0,2459.0,1965.0,1.0,0
2.9,74,3.0,0.0,3798.0,1965.0,0.0,0
1.29,57,2.0,0.0,2895.0,1968.0,0.0,0
2.65,52,2.0,0.0,3776.0,2010.0,1.0,1
0.98,39,1.0,0.0,1863.0,1971.0,0.0,0
0.495,45,2.0,0.0,3005.0,1974.0,0.0,1
2.7499999999999996,93,3.0,0.0,4692.0,2015.0,1.0,1
1.65,75,3.0,1.0,5288.0,,1.0,0
1.38,99,4.0,0.0,5605.0,1974.0,0.0,0
0.17,39,1.0,0.0,1715.0,1962.0,0.0,1
0.515,50,2.0,0.0,3328.0,1949.0,0.0,0
1.46,21,1.0,0.0,1330.0,1954.0,0.0,1
1.85,47,2.0,0.0,2886.0,1972.0,0.0,1
5.15,55,2.0,0.0,1230.0,1916.0,1.0,1
0.498,38,2.0,0.0,2411.0,1959.0,0.0,0
1.835,41,1.0,0.0,2486.0,1953.0,0.0,1
0.595,63,2.0,0.0,2850.0,1966.0,0.0,0
1.615,57,2.0,0.0,1963.0,1965.0,0.0,0
0.66,82,3.0,0.0,4279.0,1985.0,,0
0.41,36,1.0,0.0,2190.0,1943.0,0.0,1
2.7,58,2.0,0.0,3782.0,2008.0,1.0,1
1.095,59,2.0,0.0,4220.0,1971.0,0.0,1
1.8,80,2.0,0.0,3873.0,1994.0,0.0,1
2.15,89,3.0,1.0,4196.0,,1.0,0
0.272,59,2.0,0.0,3594.0,1963.0,0.0,1
3.075,37,1.0,0.0,1987.0,2014.0,1.0,1
1.85,59,2.0,0.0,3295.0,2008.0,1.0,1
0.62,52,2.0,0.0,2654.0,1980.0,1.0,1
1.835,80,3.0,0.0,4435.0,1969.0,0.0,1
4.35,90,4.0,0.0,5450.0,2011.0,1.0,1
1.45,89,4.0,0.0,5229.0,1974.0,1.0,1
1.55,68,3.0,1.0,3397.0,,1.0,0
0.75,39,1.0,0.0,2928.0,1941.0,1.0,0
3.0100000000000002,40,1.0,0.0,1351.0,1910.0,1.0,1
2.1,63,2.0,0.0,3251.0,1992.0,0.0,1
1.375,45,2.0,0.0,1983.0,1941.0,1.0,1
1.085,115,4.0,0.0,6102.0,1983.0,0.0,0
0.74,39,2.0,0.0,3050.0,1947.0,0.0,1
1.9,72,3.0,1.0,3444.0,,0.0,0
0.515,63,2.0,0.0,2629.0,1961.0,0.0,0
1.66,58,2.0,0.0,3442.0,1944.0,0.0,0
2.52,122,5.0,0.0,9028.0,1986.0,,1
2.8,62,2.0,0.0,2921.0,1960.0,0.0,1
0.9400000000000001,66,3.0,0.0,4249.0,1955.0,0.0,0
1.2,57,2.0,0.0,3748.0,1960.0,1.0,1
1.875,78,3.0,0.0,4684.0,1977.0,1.0,1
2.05,49,2.0,0.0,2965.0,2010.0,1.0,1
1.7,86,3.0,0.0,4290.0,2005.0,1.0,0
0.365,75,3.0,0.0,2769.0,1963.0,0.0,0
0.96,78,2.0,0.0,3867.0,1979.0,,0
1.15,64,3.0,1.0,3173.0,,0.0,0
3.11,97,4.0,0.0,4486.0,1968.0,1.0,1
1.745,88,3.0,1.0,3689.0,1942.0,1.0,0
1.23,62,3.0,0.0,4187.0,1962.0,0.0,1
2.58,21,1.0,0.0,1547.0,1930.0,1.0,1
1.125,80,3.0,0.0,5731.0,2005.0,1.0,1
0.8,50,2.0,0.0,2922.0,1954.0,0.0,0
1.2,71,3.0,0.0,3091.0,1963.0,0.0,0
0.19,78,4.0,0.0,4907.0,1961.0,0.0,0
1.75,39,1.0,0.0,2251.0,1956.0,0.0,0
1.92,58,2.0,0.0,3771.0,2012.0,1.0,1
2.75,83,3.0,0.0,4241.0,2011.0,1.0,1
1.655,65,3.0,0.0,2481.0,1970.0,1.0,0
0.65,78,3.0,0.0,4204.0,1969.0,1.0,1
1.995,55,2.0,0.0,2658.0,1962.0,1.0,0
0.995,70,3.0,0.0,3126.0,1959.0,0.0,0
3.05,71,3.0,0.0,4457.0,1952.0,0.0,1
0.415,27,1.0,0.0,1705.0,1967.0,0.0,0
1.045,81,3.0,0.0,6023.0,2008.0,1.0,1
0.087,28,1.0,0.0,2312.0,1953.0,1.0,0
1.015,49,2.0,1.0,2584.0,,1.0,0
1.619,61,2.0,0.0,3600.0,1972.0,0.0,1
0.95,50,2.0,0.0,2344.0,1945.0,0.0,0
1.665,40,2.0,0.0,2382.0,1945.0,0.0,0
0.735,106,3.0,0.0,5806.0,1995.0,0.0,0
1.13,43,2.0,0.0,4115.0,1990.0,0.0,0
1.8,64,3.0,0.0,4184.0,1993.0,0.0,0
1.84,71,3.0,0.0,2858.0,1961.0,0.0,0
2.625,101,4.0,0.0,5867.0,2011.0,1.0,0
3.99,67,3.0,0.0,4397.0,2006.0,1.0,1
2.08,43,2.0,0.0,2307.0,1971.0,1.0,1
3.42,77,3.0,0.0,4242.0,2013.0,1.0,1
1.775,32,1.0,0.0,2698.0,1954.0,1.0,0
1.72,60,2.0,0.0,3429.0,1975.0,0.0,0
0.12,31,1.0,0.0,1725.0,1968.0,0.0,0
3.63,84,3.0,0.0,5321.0,2011.0,1.0,1
2.7649999999999997,112,4.0,0.0,5891.0,1912.0,1.0,1
2.2600000000000002,78,4.0,0.0,5857.0,1997.0,,0
13.069999999999999,155,5.0,0.0,6384.0,1931.0,1.0,1
0.15,55,2.0,0.0,2822.0,1961.0,0.0,1
1.5,57,2.0,0.0,2851.0,1961.0,0.0,0
3.05,37,2.0,0.0,2101.0,1946.0,1.0,1
4.01,72,3.0,0.0,4832.0,1957.0,0.0,1
2.7,31,1.0,0.0,2233.0,1975.0,1.0,1
2.68,35,1.0,0.0,1736.0,1930.0,1.0,1
4.075,57,2.0,0.0,4220.0,2004.0,1.0,1
1.82,38,2.0,0.0,3113.0,1948.0,0.0,1
1.545,83,3.0,0.0,4116.0,1971.0,0.0,1
3.3,108,4.0,0.0,6523.0,2010.0,1.0,0
0.54,57,1.0,0.0,1961.0,,0.0,0
2.285,63,2.0,0.0,3256.0,1979.0,0.0,1
0.34,39,1.0,0.0,2880.0,1973.0,1.0,0
1.78,99,3.0,0.0,5297.0,1938.0,0.0,1
1.8549999999999998,77,4.0,0.0,3416.0,1967.0,0.0,0
1.495,40,1.0,0.0,2195.0,1947.0,0.0,1
1.88,91,4.0,0.0,6699.0,1990.0,1.0,1
1.28,62,2.0,0.0,4134.0,1736.0,0.0,0
1.15,85,3.0,0.0,4156.0,1968.0,1.0,1
2.89,76,3.0,0.0,3668.0,1969.0,1.0,0
3.28,57,2.0,0.0,3038.0,1917.0,1.0,1
3.8,96,4.0,0.0,4063.0,1946.0,0.0,0
0.625,79,3.0,0.0,4519.0,1971.0,0.0,0
0.22000000000000003,68,2.0,0.0,3951.0,1981.0,0.0,0
3.275,70,3.0,0.0,4334.0,1948.0,0.0,1
0.86,56,3.0,0.0,3198.0,1946.0,0.0,1
5.2,105,4.0,0.0,5643.0,2011.0,1.0,1
3.05,42,1.0,0.0,1705.0,1996.0,1.0,1
4.4,76,3.0,0.0,4273.0,1986.0,1.0,1
1.59,61,2.0,0.0,1735.0,1965.0,0.0,0
4.895,62,2.0,0.0,2717.0,2010.0,1.0,1
0.38,65,,0.0,2420.0,1954.0,0.0,1
2.2,55,2.0,0.0,2942.0,2012.0,1.0,1
0.87,57,2.0,0.0,3605.0,1949.0,0.0,1
1.31,81,3.0,0.0,4687.0,1970.0,0.0,1
1.1700000000000002,102,5.0,0.0,5790.0,1966.0,0.0,0
2.3,53,2.0,0.0,2799.0,1946.0,0.0,1
4.0,119,3.0,0.0,5600.0,1916.0,1.0,1
1.275,72,4.0,1.0,4596.0,,0.0,0
2.78,23,1.0,0.0,1491.0,1874.0,0.0,1
2.575,42,2.0,0.0,2280.0,2015.0,1.0,1
2.495,70,3.0,0.0,2838.0,1961.0,0.0,1
1.38,43,1.0,0.0,2890.0,1985.0,,1
1.535,33,1.0,0.0,1860.0,1975.0,0.0,1
0.8,73,3.0,0.0,5196.0,1992.0,,0
2.29,68,3.0,0.0,3689.0,2014.0,0.0,1
3.5,98,4.0,1.0,5198.0,,1.0,1
0.95,69,3.0,0.0,4623.0,1951.0,0.0,1
1.65,63,2.0,0.0,3621.0,1973.0,0.0,1
0.115,34,1.0,0.0,2527.0,1963.0,0.0,0
2.5,82,3.0,0.0,3867.0,1965.0,0.0,1
1.68,87,3.0,0.0,4500.0,,0.0,1
0.623,100,4.0,0.0,4232.0,1967.0,0.0,1
2.895,53,2.0,0.0,2721.0,1953.0,0.0,1
3.7499999999999996,88,4.0,0.0,4955.0,1991.0,1.0,1
3.2,71,3.0,0.0,2929.0,1960.0,,1
1.9399999999999997,72,4.0,0.0,3913.0,1960.0,1.0,1
1.74,57,2.0,0.0,2808.0,2012.0,1.0,1
2.57,41,2.0,0.0,2586.0,2015.0,1.0,1
1.4,39,1.0,0.0,3090.0,2009.0,1.0,1
1.325,83,3.0,0.0,4010.0,1970.0,0.0,0
0.795,77,3.0,0.0,3899.0,1964.0,1.0,0
0.29,74,3.0,0.0,4376.0,,1.0,1
0.61,76,3.0,0.0,4888.0,1968.0,0.0,0
1.72,35,1.0,0.0,1648.0,2007.0,0.0,0
1.85,62,2.0,0.0,3265.0,1974.0,0.0,0
1.74,32,1.0,0.0,2584.0,1980.0,1.0,1
3.32,110,4.0,0.0,5911.0,2001.0,,1
0.825,52,2.0,0.0,2539.0,1948.0,0.0,1
1.15,59,2.0,0.0,2813.0,1957.0,0.0,0
1.75,41,1.0,0.0,2088.0,1943.0,0.0,0
1.355,55,2.0,0.0,3525.0,1965.0,0.0,1
0.185,55,2.0,0.0,3008.0,1961.0,0.0,0
0.95,77,3.0,0.0,3668.0,1954.0,0.0,0
1.6800000000000002,64,2.0,0.0,1857.0,1964.0,1.0,0
4.3100000000000005,100,3.0,0.0,4880.0,2010.0,1.0,1
3.45,73,3.0,0.0,3952.0,1928.0,0.0,1
2.765,54,2.0,0.0,3563.0,1949.0,1.0,1
1.75,80,3.0,1.0,4626.0,,1.0,0
2.44,98,4.0,0.0,5498.0,1965.0,0.0,1
2.05,40,1.0,0.0,2101.0,1929.0,0.0,1
3.2,122,4.0,1.0,4734.0,,0.0,1
2.84,74,3.0,1.0,4508.0,,1.0,1
3.57,121,4.0,0.0,5932.0,2015.0,1.0,1
1.7,69,2.0,0.0,3040.0,1906.0,0.0,1
0.72,62,2.0,0.0,3290.0,1957.0,0.0,0
1.48,43,2.0,0.0,2976.0,1995.0,1.0,0
3.625,87,3.0,0.0,4360.0,2012.0,1.0,0
3.28,68,2.0,0.0,3523.0,1990.0,1.0,1
0.9,68,3.0,0.0,3603.0,1941.0,1.0,1
1.27,98,4.0,0.0,7447.0,1991.0,1.0,0
1.9849999999999999,70,4.0,0.0,2551.0,1932.0,0.0,1
1.73,56,3.0,0.0,3993.0,1957.0,0.0,0
3.35,105,4.0,0.0,7151.0,1994.0,1.0,1
0.14500000000000002,79,3.0,0.0,3550.0,1982.0,,0
2.9699999999999998,45,2.0,0.0,2966.0,1945.0,0.0,1
1.545,62,3.0,0.0,4387.0,1956.0,0.0,1
2.405,57,2.0,0.0,3057.0,1944.0,1.0,1
0.425,69,2.0,0.0,3323.0,1980.0,0.0,0
1.645,94,4.0,0.0,5257.0,1971.0,0.0,1
0.375,30,1.0,0.0,1170.0,1959.0,0.0,1
5.6,85,3.0,0.0,5596.0,2009.0,1.0,1
0.105,23,1.0,0.0,1697.0,1949.0,0.0,0
1.69,68,2.0,0.0,3805.0,1965.0,0.0,1
3.89,67,3.0,0.0,3579.0,2013.0,1.0,1
1.065,26,1.0,0.0,2026.0,1974.0,0.0,0
1.86,96,4.0,0.0,6073.0,1966.0,0.0,1
1.3,77,3.0,0.0,3404.0,1964.0,1.0,0
1.1,66,2.0,0.0,4110.0,2011.0,1.0,0
0.58,66,2.0,0.0,3392.0,1974.0,1.0,0
5.4,67,2.0,0.0,2415.0,1932.0,1.0,1
1.1,57,2.0,0.0,4528.0,2007.0,0.0,0
1.69,34,1.0,0.0,2376.0,1994.0,1.0,1
1.005,57,2.0,0.0,3388.0,1949.0,0.0,0
1.36,67,3.0,1.0,3592.0,,1.0,0
1.025,47,2.0,0.0,2582.0,1973.0,1.0,1
2.34,108,4.0,0.0,4239.0,1965.0,0.0,0
0.71,45,2.0,0.0,3236.0,1938.0,1.0,1
3.1,55,2.0,0.0,3014.0,1947.0,1.0,1
1.65,53,2.0,0.0,3264.0,1957.0,0.0,1
2.495,39,2.0,0.0,2007.0,1945.0,0.0,1
2.74,61,3.0,0.0,4024.0,1952.0,0.0,1
2.485,38,1.0,0.0,1900.0,1957.0,0.0,1
0.08,46,1.0,0.0,2715.0,1970.0,0.0,1
3.01,34,1.0,0.0,1614.0,1930.0,1.0,1
1.7,77,3.0,0.0,3165.0,1960.0,0.0,0
1.8,46,2.0,0.0,2609.0,2015.0,1.0,0
1.42,30,1.0,0.0,2051.0,1940.0,0.0,1
3.65,56,2.0,0.0,3135.0,2010.0,1.0,1
2.15,89,3.0,0.0,3461.0,2013.0,0.0,0
1.475,65,2.0,0.0,5326.0,1988.0,1.0,1
0.71,71,2.0,0.0,2757.0,1990.0,0.0,0
0.78,53,2.0,0.0,2411.0,1964.0,0.0,1
1.81,76,3.0,0.0,4160.0,1968.0,0.0,1
1.1,31,1.0,1.0,1621.0,,1.0,0
2.3,38,1.0,0.0,2504.0,1946.0,1.0,1
2.305,43,2.0,0.0,2863.0,1943.0,0.0,1
2.98,63,2.0,0.0,3905.0,2009.0,1.0,1
1.11,72,2.0,0.0,5142.0,2011.0,0.0,0
0.91,48,1.0,0.0,2791.0,2010.0,1.0,0
1.295,56,2.0,0.0,3221.0,2010.0,1.0,1
0.85,73,3.0,0.0,3291.0,1963.0,1.0,1
1.74,78,3.0,0.0,3710.0,1953.0,1.0,1
1.43,66,2.0,0.0,5204.0,1991.0,1.0,0
2.04,29,1.0,0.0,2301.0,1941.0,1.0,1
2.06,68,2.0,0.0,3516.0,1983.0,1.0,1
1.25,99,4.0,0.0,4910.0,1965.0,1.0,0
1.65,59,2.0,0.0,3033.0,1961.0,0.0,1
1.15,47,1.0,0.0,2575.0,1958.0,0.0,0
1.2,57,2.0,0.0,2791.0,1964.0,0.0,0
1.25,54,2.0,0.0,2177.0,1954.0,0.0,1
3.38,68,3.0,1.0,4355.0,,1.0,1
3.16,52,2.0,0.0,2497.0,1943.0,0.0,1
2.2,27,1.0,0.0,1713.0,1947.0,1.0,1
3.375,72,3.0,0.0,5208.0,1939.0,0.0,1
3.54,71,3.0,0.0,2594.0,1981.0,1.0,1
1.895,66,3.0,0.0,4218.0,2010.0,0.0,1
0.36000000000000004,73,3.0,0.0,4621.0,1989.0,,0
0.79,56,2.0,0.0,3149.0,1941.0,1.0,1
1.85,29,1.0,0.0,1560.0,1955.0,1.0,1
5.16,73,2.0,0.0,4051.0,2006.0,1.0,1
2.13,52,2.0,0.0,4334.0,1943.0,0.0,1
2.4,82,3.0,0.0,3819.0,1967.0,0.0,1
0.9,65,3.0,0.0,3498.0,1948.0,0.0,0
4.54,59,2.0,0.0,3235.0,1935.0,1.0,1
0.61,47,2.0,0.0,2441.0,,0.0,0
1.8399999999999999,54,2.0,0.0,3359.0,1945.0,0.0,0
1.305,91,3.0,0.0,3306.0,1966.0,0.0,0
0.82,54,2.0,0.0,2401.0,1949.0,0.0,1
