municip_code,municip_name,county_code,year,pop,share0_19,share75_,share_elementary_school,share_secondary_school,share_tertiary_school,tax_rate,tax_rate_4_years_back,tax_base,expenditures,real_tax_base,real_expenditures,share_votes_left_last_election,share_seats_left_last_election,nr_seats_council,coalition_last_term,left_coalition_last_term
114,Upplands Väsby,1,2022,47820,0.2519866164784609,0.08182768716018403,0.17733256315933482,0.4448058857507676,0.37786155108989755,19.42,19.52,243166,69585.0,263953.34921822837,75533.56063491778,0.37997601019566685,0.37254901960784315,51.0,B,0
115,Vallentuna,1,2022,34246,0.2766454476435204,0.08246218536471413,0.15178417514221687,0.42897776245474917,0.41923806240303396,18.9,19.0,275100,63094.0,298617.2670929925,68487.66939282177,0.2797163120567376,0.29411764705882354,51.0,B,0
117,Österåker,1,2022,48234,0.26464734419703945,0.09304639880582162,0.151189232376621,0.43973941368078173,0.40907135394259725,16.9,17.35,268255,58694.0,291187.1137187594,63711.52989733225,0.2716701527989506,0.27450980392156865,51.0,B,0
120,Värmdö,1,2022,46232,0.26412441598892544,0.08221578127703755,0.15316217908578586,0.44001252348152786,0.4068252974326863,18.98,19.18,273048,70940.0,296389.84931009606,77004.39450227877,0.37998804626797456,0.37254901960784315,51.0,B,0
123,Järfälla,1,2022,83170,0.2528796441024408,0.08319105446675484,0.171745103873147,0.40434394525438855,0.42391095087246444,18.99,19.15,243938,69498.0,264791.34460243693,75439.12333125697,0.41987890158621866,0.4262295081967213,61.0,B,0
125,Ekerö,1,2022,29096,0.29337365960956835,0.08973742095133351,0.1587764406510099,0.3851985368181095,0.45602502253088056,18.95,19.25,306918,73997.0,333155.2685628756,80322.725965395,0.24709756642107614,0.24390243902439024,41.0,B,0
126,Huddinge,1,2022,113951,0.2688787285763179,0.06492264218830901,0.17269337827830128,0.39342169105441915,0.43388493066727957,19.47,19.87,248594,67825.0,269845.3685776641,73623.10483672198,0.3954203311940417,0.39344262295081966,61.0,B,0
127,Botkyrka,1,2022,95318,0.26427327472250783,0.06517132126146163,0.23821224906115257,0.4255181046872827,0.33626964625156475,20.15,20.15,207305,71676.0,225026.72684373977,77803.31238152429,0.4505356017643352,0.4533333333333333,75.0,BL,0
128,Salem,1,2022,17252,0.28843032691861814,0.09546719220959889,0.17792494481236204,0.420485651214128,0.40158940397350995,19.42,19.67,247007,73120.0,268122.7019005409,79370.75452504403,0.2886820186183244,0.2903225806451613,31.0,B,0
136,Haninge,1,2022,95658,0.25922557444228395,0.07205879278262142,0.1977227571450405,0.4850832951245606,0.3171939477303989,19.68,19.68,227822,69736.0,247297.6482139576,75697.469058513,0.3767362458291301,0.3770491803278688,61.0,BL,0
138,Tyresö,1,2022,49062,0.2667645020586197,0.09229138640903346,0.16439094502335608,0.43870523415977963,0.3969038208168643,19.5,19.5,271910,70418.0,295154.5659587626,76437.77068031387,0.38943561001042754,0.4117647058823529,51.0,BL,0
139,Upplands-Bro,1,2022,31082,0.2728588893893572,0.07181005083327971,0.18706510342198074,0.4600133447717091,0.3529215518063102,19.4,19.6,227906,72539.0,247388.82905887152,78740.08701438962,0.36432041711103214,0.36585365853658536,41.0,B,0
140,Nykvarn,1,2022,11500,0.2813913043478261,0.08426086956521739,0.1842748680993437,0.48372152876077723,0.33200360313987903,19.97,19.97,264059,67658.0,286632.41341806075,73441.82863314317,0.23878647118594862,0.25806451612903225,31.0,B,0
160,Täby,1,2022,73955,0.2640659860726117,0.10494219457778378,0.11369185753203512,0.3164968217132479,0.569811320754717,17.55,17.55,339042,62561.0,368025.428824945,67909.10522211816,0.19624569730400018,0.18032786885245902,61.0,B,0
162,Danderyd,1,2022,32803,0.27887693198792796,0.11745876901502911,0.11065188803306406,0.22632913770430207,0.6630189742626339,18.35,17.35,441144,77716.0,478855.74581777933,84359.64932533263,0.13393970174061592,0.1111111111111111,45.0,B,0
163,Sollentuna,1,2022,75108,0.2709165468392182,0.08077701443255046,0.1398725766103815,0.32575046904315197,0.5343769543464666,18.12,18.12,304491,64815.0,330520.7934366135,70355.79122730756,0.31882297361139234,0.32786885245901637,61.0,B,0
180,Stockholm,1,2022,978770,0.21592304627236225,0.07043432062690928,0.12292070777697582,0.3068866158426561,0.5701926763803681,17.74,17.9,312725,65222.0,339458.68721067277,70797.58413064035,0.4366919088177163,0.44554455445544555,101.0,B,0
181,Södertälje,1,2022,101209,0.24591686510092975,0.07807606042940846,0.23513528957970228,0.427826509328838,0.33703820109145977,20.15,20.15,210557,71934.0,228556.7281254061,78083.36783375981,0.4355015221760153,0.4461538461538462,65.0,BL,0
182,Nacka,1,2022,108234,0.27284402313505923,0.08259881368146793,0.12583728148995263,0.3354707836410173,0.5386919348690301,17.98,18.43,319307,66418.0,346603.3577014255,72095.8256844143,0.2957400833461954,0.29508196721311475,61.0,B,0
183,Sundbyberg,1,2022,53564,0.21503248450451795,0.05421551788514674,0.1309306105862034,0.3542111144976125,0.5148582749161841,18.9,18.9,285212,55214.0,309593.7040426266,59934.03775089963,0.43164372469635626,0.4426229508196721,61.0,BL,0
184,Solna,1,2022,84187,0.18702412486488412,0.07404943756161877,0.0891749808759623,0.2831985156491594,0.6276265034748784,17.12,17.12,312298,46272.0,338995.1845823605,50227.61971256616,0.3973084011672554,0.4262295081967213,61.0,B,0
186,Lidingö,1,2022,48162,0.26020514098251735,0.11255761803911797,0.11945008592407437,0.28764255585064835,0.5929073582252773,17.84,18.49,377205,66960.0,409450.84054457373,72684.1592313587,0.19106643974181947,0.19607843137254902,51.0,B,0
187,Vaxholm,1,2022,11996,0.25816938979659887,0.10603534511503834,0.1369946419873356,0.37043351193375545,0.4925718460789089,19.3,19.78,313714,64601.0,340532.23311090894,70123.49717002694,0.24026779072650634,0.22580645161290322,31.0,BL,0
188,Norrtälje,1,2022,64762,0.2022019085266051,0.13557333003922054,0.18049559273250584,0.5281300593631948,0.29137434790429934,19.72,19.72,220051,66153.0,238862.33457317375,71808.17182843597,0.34644562398506995,0.36065573770491804,61.0,B,0
191,Sigtuna,1,2022,50273,0.26791717223957195,0.07256380164302906,0.20605828446827945,0.45248548781565845,0.3414562277160621,20.0,20.0,222157,66520.0,241148.36861351485,72206.54528180975,0.3408075117370892,0.3333333333333333,51.0,B,0
192,Nynäshamn,1,2022,29495,0.2293609086285811,0.10913714188845568,0.19525683822430373,0.5123312241542524,0.29241193762144385,19.85,19.85,224628,66373.0,243830.60513473183,72046.97880321044,0.3420068122173209,0.34146341463414637,41.0,B,0
305,Håbo,3,2022,22344,0.2659326888650197,0.08785356247762263,0.18866937066596887,0.5073923851890619,0.3039382441449692,21.09,21.34,247255,75714.0,268391.9024902867,82186.50585488489,0.3240905057675244,0.34146341463414637,41.0,B,0
319,Älvkarleby,3,2022,9627,0.23278279837955748,0.11997507011530072,0.22152957275353505,0.5359586437585525,0.2425117834879124,22.69,22.69,207797,73875.0,225560.78607823543,80190.29664302008,0.45980022924512853,0.45161290322580644,31.0,BL,0
330,Knivsta,3,2022,19818,0.3033605812897366,0.05959228983752145,0.15194372454646426,0.38807848944835244,0.45997778600518324,20.91,20.91,257395,68406.0,279398.73305489204,74253.77234737639,0.27127380744364843,0.25806451612903225,31.0,BL,0
331,Heby,3,2022,14303,0.2238691183667762,0.11703838355589737,0.20984007334216156,0.5655495568911073,0.22461036976673118,22.5,22.5,198725,73815.0,215713.25482753522,80125.16746808158,0.3743652020313535,0.36585365853658536,41.0,BL,0
360,Tierp,3,2022,21485,0.22978822434256457,0.11980451477775192,0.20063169458939853,0.5649546827794562,0.2344136226311453,21.29,20.99,199253,82115.0,216286.39156699396,89134.70333457318,0.397025007185973,0.40816326530612246,49.0,B,0
380,Uppsala,3,2022,237596,0.2250458761932019,0.08063267058367986,0.1256395512579797,0.32867067217423956,0.5456897765677807,21.14,21.14,240566,69025.0,261131.08497089363,74925.68833549185,0.4307003556972893,0.4444444444444444,81.0,BL,0
381,Enköping,3,2022,47489,0.2465834193181579,0.10118132620185727,0.18346301099172532,0.5069778930468074,0.3095590959614672,21.34,21.34,223463,71150.0,242566.01365467606,77232.34661456349,0.3297082505489909,0.3333333333333333,51.0,B,0
382,Östhammar,3,2022,22364,0.21172419960651045,0.1344124485780719,0.19563655366124502,0.5614997713763146,0.2428636749624404,21.69,21.69,224832,74682.0,244052.0443295227,81066.28404594281,0.3754490612078899,0.3877551020408163,49.0,BL,0
428,Vingåker,4,2022,9063,0.22928390157784398,0.12424142116297032,0.2621124031007752,0.5300387596899225,0.20784883720930233,22.67,22.73,192803,85769.0,209285.00526110592,93101.07008832743,0.4424882629107981,0.45161290322580644,31.0,BL,0
461,Gnesta,4,2022,11513,0.2405975853383132,0.11308955094241292,0.19264990328820117,0.4862669245647969,0.32108317214700194,22.12,22.18,218486,78057.0,237163.54859352804,84729.80013623307,0.39903181189488246,0.3870967741935484,31.0,BL,0
480,Nyköping,4,2022,57633,0.2360626724272552,0.1225860184269429,0.18160765747221078,0.48945039110745164,0.3289419514203376,21.42,21.48,221768,81009.0,240726.11446266362,87934.15554320694,0.4370629370629371,0.4426229508196721,61.0,BL,0
481,Oxelösund,4,2022,12132,0.22197494230135179,0.14581272667326078,0.19558438318573032,0.5549457403018585,0.24946987651241112,22.22,22.28,206939,77020.0,224629.43887661496,83604.1508960461,0.5398536773199846,0.5483870967741935,31.0,V,1
482,Flen,4,2022,16316,0.22401323853885757,0.13980142191713654,0.2489341983317887,0.5056533827618165,0.2454124189063948,22.27,22.33,189143,85272.0,205312.1255898578,92561.5834225869,0.41875302078298693,0.4222222222222222,45.0,V,1
483,Katrineholm,4,2022,34764,0.23978828673340238,0.11529168104936141,0.22612383375742154,0.5015267175572519,0.27234944868532657,22.12,22.18,202946,81962.0,220295.09228445822,88968.62393848001,0.547649416909621,0.5490196078431373,51.0,BL,0
484,Eskilstuna,4,2022,107593,0.24597325104793064,0.09917931463942821,0.20666216216216216,0.46725675675675676,0.3260810810810811,22.02,22.08,204693,82707.0,222191.43676141737,89777.3111939663,0.46552587123819056,0.46153846153846156,65.0,BL,0
486,Strängnäs,4,2022,38129,0.24718718036140472,0.10960161556820268,0.188412550481516,0.4586828207517863,0.35290462876669776,21.67,21.73,235599,69487.0,255739.47477223535,75427.18298251825,0.32834770367763505,0.34545454545454546,55.0,BL,0
488,Trosa,4,2022,14658,0.23905034793286942,0.11515895756583436,0.17955492328015446,0.4925312468245097,0.32791382989533585,21.6,21.66,245139,71534.0,266095.0135874558,77649.17333416986,0.3304571940833707,0.34285714285714286,35.0,B,0
509,Ödeshög,5,2022,5309,0.21943868901864758,0.13882087022038048,0.21295774647887325,0.5416901408450704,0.24535211267605633,22.6,21.6,201199,79202.0,218398.74780749908,85972.68189130932,0.24564851207186975,0.22857142857142856,35.0,BL,0
512,Ydre,5,2022,3695,0.2029769959404601,0.1548037889039242,0.18958502847843775,0.5179007323026851,0.29251423921887715,22.55,21.95,207896,83644.0,225668.24921688394,90794.41180925578,0.3099189502122733,0.3333333333333333,21.0,BL,0
513,Kinda,5,2022,10048,0.2220342356687898,0.1337579617834395,0.19624247761632174,0.5219433436078086,0.2818141787758697,21.45,20.95,210697,78027.0,228708.6962002626,84697.23554876383,0.3484984984984985,0.34285714285714286,35.0,BL,0
560,Boxholm,5,2022,5512,0.20809143686502177,0.12772133526850507,0.19800420168067226,0.5603991596638656,0.2415966386554622,21.82,21.82,210910,78615.0,228939.90477129427,85335.50146316105,0.4897186147186147,0.4827586206896552,29.0,V,1
561,Åtvidaberg,5,2022,11462,0.2167161053917292,0.13584016751003317,0.1934821657685399,0.541955350269438,0.2645624839620221,22.39,21.95,210985,75795.0,229021.3162399674,82274.43024105186,0.3966170159050745,0.4,35.0,BL,0
562,Finspång,5,2022,21889,0.22111562885467587,0.1257709351729179,0.18839117567931127,0.5338310465429109,0.2777777777777778,22.15,22.15,217362,76086.0,235943.46204968027,82590.30673950356,0.4802842413264595,0.4888888888888889,45.0,BL,0
563,Valdemarsvik,5,2022,7660,0.19321148825065274,0.15861618798955612,0.23022273425499232,0.543778801843318,0.2259984639016897,22.48,22.48,196843,85487.0,213670.36970696447,92794.96296611651,0.3566949465142014,0.34285714285714286,35.0,BL,0
580,Linköping,5,2022,165527,0.22941876551861629,0.08926036235780266,0.13564209881584322,0.3601980400163332,0.5041598611678236,20.2,20.2,236555,70569.0,256777.19962625534,76601.67910390909,0.40216126193472684,0.4050632911392405,79.0,B,0
581,Norrköping,5,2022,144458,0.23831840396516635,0.09514184053496517,0.19138045404591944,0.4482342108650238,0.36038533508905674,21.75,21.75,219980,93468.0,238785.26504949652,101458.2287191851,0.41934371140215204,0.4235294117647059,85.0,BL,0
582,Söderköping,5,2022,14673,0.23907857970421864,0.12199277584679342,0.1795959595959596,0.5003030303030302,0.3201010101010101,21.18,21.18,224067,79688.0,243221.6473490569,86500.22820831112,0.29599188229325213,0.3076923076923077,39.0,B,0
583,Motala,5,2022,43674,0.2299995420616385,0.11665979759124422,0.20649164359342162,0.5176969009574006,0.2758114554491777,21.7,21.7,209754,77173.0,227685.0826674793,83770.23029213927,0.3999791006304643,0.40350877192982454,57.0,B,0
584,Vadstena,5,2022,7528,0.18424548352816153,0.1691020191285866,0.17369970559371933,0.4961727183513248,0.33012757605495585,22.8,22.8,224415,81903.0,243599.39656370017,88904.5802497905,0.3301868982442892,0.34285714285714286,35.0,BL,0
586,Mjölby,5,2022,28269,0.23884820828469347,0.10849340266723266,0.1796277145811789,0.5268355739400207,0.2935367114788004,21.9,21.9,218961,73518.0,237679.1545617911,79802.77805213604,0.4032878239063806,0.4,45.0,BL,0
604,Aneby,6,2022,6892,0.2410040626813697,0.1022925130586187,0.20232558139534884,0.5192389006342495,0.27843551797040167,22.09,22.09,207631,72831.0,225380.5953609056,79057.04899909029,0.29673000441891295,0.3142857142857143,35.0,B,0
617,Gnosjö,6,2022,9570,0.2458725182863114,0.10052246603970742,0.2857577601947657,0.5054777845404748,0.2087644552647596,22.24,22.24,222653,79896.0,241686.76979300642,86726.0093480979,0.32802013422818793,0.34285714285714286,35.0,B,0
642,Mullsjö,6,2022,7430,0.24697173620457605,0.11641991924629878,0.20580580580580582,0.5075075075075075,0.2866866866866867,22.34,21.84,207381,69904.0,225109.22379866187,75879.83074834078,0.37263070193709646,0.37142857142857144,35.0,BL,0
643,Habo,6,2022,12810,0.31007025761124124,0.08376268540202966,0.17959183673469387,0.458703481392557,0.3617046818727491,22.17,22.17,220248,67771.0,239076.1753642218,73564.48857927734,0.3012694673472059,0.3142857142857143,35.0,B,0
662,Gislaved,6,2022,29556,0.24678576262011098,0.10586682907023955,0.26022360248447207,0.5189068322981366,0.22086956521739132,21.99,22.13,218599,78014.0,237286.20853966218,84683.12422752715,0.30415973377703825,0.30612244897959184,49.0,B,0
665,Vaggeryd,6,2022,14746,0.2597314525973145,0.09670419096704191,0.2153892455858748,0.5081260032102729,0.27648475120385235,21.49,21.49,214555,74811.0,232896.50214880775,81206.31177206057,0.3387866394001363,0.3170731707317073,41.0,B,0
680,Jönköping,6,2022,143579,0.23479756788945458,0.09675509649739865,0.1581128307538692,0.42606090863704443,0.4158262606090864,21.64,21.34,231515,72189.0,251306.34893142188,78360.16682724841,0.3880498795395735,0.3950617283950617,81.0,BL,0
682,Nässjö,6,2022,31782,0.24926058775407464,0.10745075829085646,0.21272430668841763,0.5070146818923328,0.2802610114192496,22.54,22.19,204101,79582.0,221548.82890202422,86385.16666591978,0.34642207398423286,0.3333333333333333,57.0,BL,0
683,Värnamo,6,2022,34661,0.2365482819307002,0.10695017454776261,0.20551095500919886,0.5028014718180298,0.2916875731727714,21.52,21.52,232645,75398.0,252532.94839276353,81843.49220020883,0.3418596302279662,0.35294117647058826,51.0,B,0
684,Sävsjö,6,2022,11709,0.2549321035101204,0.117687249124605,0.2484472049689441,0.4901656314699793,0.2613871635610766,21.92,21.92,194229,83196.0,210832.9086521441,90308.11396971504,0.2537688442211055,0.2564102564102564,39.0,BL,0
685,Vetlanda,6,2022,27621,0.2386589913471634,0.12251547735418704,0.21490374215877137,0.5241726151849448,0.2609236426562838,22.01,21.51,209860,75488.0,227800.14420987063,81941.18596261657,0.30698353840103376,0.3111111111111111,45.0,BL,0
686,Eksjö,6,2022,17834,0.22832791297521587,0.12251878434451048,0.18911340206185567,0.4865979381443299,0.32428865979381444,22.26,22.26,215428,83445.0,233844.13164416282,90578.40004570979,0.36353982300884957,0.3673469387755102,49.0,B,0
687,Tranås,6,2022,18874,0.23158842852601463,0.13462964925294055,0.19803237067597587,0.5315772770549032,0.2703903522691209,22.11,22.01,203559,85873.0,220960.49535507982,93213.96065822082,0.3915925626515764,0.3902439024390244,41.0,B,0
760,Uppvidinge,7,2022,9449,0.230077256852577,0.12022436236638798,0.24593528018942384,0.5329123914759274,0.2211523283346488,21.9,21.61,199264,83381.0,216298.33191573268,90508.92892577538,0.40304311073541843,0.4,35.0,BL,0
761,Lessebo,7,2022,8574,0.2605551667832983,0.11943083741544204,0.2582025677603424,0.48840941512125535,0.2533880171184023,21.81,21.81,182689,85197.0,198306.39733897385,92480.17195391378,0.511535552193646,0.5142857142857142,35.0,V,1
763,Tingsryd,7,2022,12319,0.20902670671320725,0.14635928240928647,0.21557397026565928,0.541189373629052,0.2432366561052888,22.0,21.07,197128,87801.0,213979.7332879223,95306.77814624441,0.3577447335811648,0.36585365853658536,41.0,BL,0
764,Alvesta,7,2022,20287,0.2598708532557796,0.10938039138364469,0.22011596788581622,0.5075825156110616,0.27230151650312223,21.42,21.42,197564,80522.0,214453.00529247537,87405.52373995617,0.3443052030456853,0.3469387755102041,49.0,BL,0
765,Älmhult,7,2022,17963,0.2605355452875355,0.09848020931915605,0.1906671216515953,0.452482511516806,0.3568503668315987,21.86,20.96,237839,80197.0,258170.9639699391,87052.74070903934,0.37730001936858415,0.36585365853658536,41.0,B,0
767,Markaryd,7,2022,10320,0.22819767441860464,0.12790697674418605,0.2467589864466706,0.5319681791396582,0.22127283441367118,21.31,21.31,192292,80006.0,208730.32178787974,86845.41283548513,0.2761411460019424,0.2571428571428571,35.0,B,0
780,Växjö,7,2022,95995,0.24313766341996979,0.09324443981457367,0.1482606418792549,0.4141392982718635,0.43760005984888156,20.19,20.19,223353,74684.0,242446.61016728883,81068.45501844076,0.43040878870597693,0.4426229508196721,61.0,B,0
781,Ljungby,7,2022,28433,0.2226286357401611,0.12464389969401751,0.18359618178045237,0.5309192778584768,0.28548454036107074,21.07,21.07,214249,77967.0,232564.34335662142,84632.10637382533,0.3353022357162572,0.32653061224489793,49.0,B,0
821,Högsby,8,2022,5645,0.22338352524357838,0.12949512843224092,0.23083131557707828,0.5531342480495023,0.21603443637341943,22.21,21.71,181801,92798.0,197342.48554988415,100730.95293237193,0.3687413554633472,0.37142857142857144,35.0,B,0
834,Torsås,8,2022,7113,0.21200618585688177,0.13566708842963587,0.20822199383350462,0.530524152106886,0.26125385405960944,21.43,21.43,196297,84424.0,213077.69421502418,91641.0910834562,0.3606041535556954,0.34285714285714286,35.0,BL,0
840,Mörbylånga,8,2022,15722,0.23241317898486197,0.12657422719755757,0.15917745620715917,0.4581111957349581,0.3827113480578827,22.21,21.41,216375,78471.0,234872.08712194205,85179.19144330868,0.3616232562676812,0.35555555555555557,45.0,BL,0
860,Hultsfred,8,2022,14056,0.22204040978941378,0.13510244735344337,0.2573600256931806,0.5246761588695,0.21796381543731935,21.91,21.91,190163,87382.0,206419.3215638122,94851.95940792392,0.35939765755716674,0.35555555555555557,45.0,B,0
861,Mönsterås,8,2022,13258,0.2177553175441243,0.1320712022929552,0.20232506147999105,0.5384529398613905,0.2592219986586184,22.21,21.41,210894,85124.0,228922.53699131066,92400.93145773862,0.3541227388747087,0.32653061224489793,49.0,B,0
862,Emmaboda,8,2022,9329,0.21159824204094757,0.1427805766963233,0.2292604501607717,0.5130225080385852,0.2577170418006431,21.96,21.71,202018,83835.0,219287.76104540954,91001.73968280999,0.4307078763708873,0.43902439024390244,41.0,B,0
880,Kalmar,8,2022,71328,0.22787685060565277,0.10011496186630776,0.1515060602424097,0.43089723588943557,0.41759670386815473,21.81,21.81,224961,79140.0,244192.07205564046,85905.38174387287,0.5228310502283106,0.5245901639344263,61.0,BL,0
881,Nybro,8,2022,20284,0.22559652928416485,0.13380003943995267,0.22494448556624722,0.5053293856402664,0.2697261287934863,22.33,22.33,193629,83115.0,210181.61690275918,90220.18958354807,0.36980101443620755,0.3673469387755102,49.0,B,0
882,Oskarshamn,8,2022,27220,0.2260837619397502,0.12733284349742835,0.19427954668105774,0.5174311926605505,0.2882892606583918,22.35,22.26,226499,87016.0,245861.54990656383,94454.67144079911,0.42466365209624296,0.42857142857142855,49.0,BL,0
883,Västervik,8,2022,36747,0.2053500966065257,0.14967208207472718,0.18233664002570385,0.5135145989798787,0.30414876099441746,21.16,21.16,207841,79329.0,225608.54747319032,86110.53864492913,0.39966521046829706,0.40350877192982454,57.0,BL,0
884,Vimmerby,8,2022,15578,0.2195403774553858,0.131274874823469,0.2140291170353564,0.5502930610701456,0.235677821894498,22.36,22.36,211137,80145.0,229186.31014981156,86996.29542409263,0.362050790608529,0.3673469387755102,49.0,B,0
885,Borgholm,8,2022,10895,0.1661312528682882,0.1856815052776503,0.19057990743261638,0.512251565477811,0.29716852708957253,21.58,21.58,201962,78492.0,219226.97381546695,85201.98665453715,0.39361147327249024,0.37142857142857144,35.0,BL,0
980,Gotland,9,2022,61001,0.20630809330994573,0.12871920132456846,0.16921152620772661,0.4942062162225946,0.3365822575696788,33.6,33.6,204284,79355.0,221747.47288558664,86138.76128740248,0.4144184207925684,0.4084507042253521,71.0,B,0
1060,Olofström,10,2022,13263,0.20606197692829675,0.14272788961773356,0.20515682553856457,0.5569818060051345,0.23786136845630093,21.71,22.16,208745,80818.0,226589.8270422636,87726.82766965275,0.4934456928838951,0.4897959183673469,49.0,BL,0
1080,Karlskrona,10,2022,66708,0.22932781675361277,0.11231036757210529,0.1492630715780842,0.4269221639584817,0.42381476446343413,21.65,22.1,225582,75765.0,244866.15901625386,82241.86565358262,0.4118800721370604,0.41333333333333333,75.0,BL,0
1081,Ronneby,10,2022,29200,0.236986301369863,0.1317123287671233,0.19978301301921886,0.4948853068815871,0.30533168009919404,21.81,22.36,198993,81592.0,216004.1651422605,88566.9940263593,0.3660840812470477,0.3673469387755102,49.0,B,0
1082,Karlshamn,10,2022,32226,0.21783652951033328,0.13228449078383914,0.18289461699608342,0.48305856635394845,0.3340468166499681,22.33,22.21,217949,75829.0,236580.6424778285,82311.336773517,0.42850491223168974,0.43137254901960786,51.0,BL,0
1083,Sölvesborg,10,2022,17540,0.2072976054732041,0.13506271379703536,0.20272727272727273,0.5092561983471074,0.28801652892561985,21.82,22.27,217959,78799.0,236591.49734031825,85535.23093297244,0.3826690361343827,0.3877551020408163,49.0,Ö,0
1214,Svalöv,12,2022,14412,0.2570774354704413,0.08631695809048015,0.1898915490075711,0.5001023122570084,0.3100061387354205,20.74,20.74,207653,81424.0,225404.47605838304,88384.63233653152,0.27963176064441886,0.2857142857142857,35.0,B,0
1230,Staffanstorp,12,2022,26242,0.2890404694764119,0.1022787897263928,0.14586757454801597,0.41071847851608356,0.44341394693590047,19.09,19.14,247995,71237.0,269195.1623145281,77326.7839182243,0.29646435999243714,0.2926829268292683,41.0,Ö,0
1231,Burlöv,12,2022,19753,0.26401053004606895,0.08297473801447881,0.20250490417987022,0.4417534329259092,0.3557416628942206,20.09,20.09,198265,66099.0,215213.93115300676,71749.55557099132,0.4199723702388001,0.43902439024390244,41.0,B,0
1233,Vellinge,12,2022,37452,0.26204208052974476,0.12327779557834027,0.1278146504336496,0.3826295858951912,0.48955576367115927,18.5,18.5,296622,62173.0,321979.1021434301,67487.9365575159,0.1176984473652861,0.11764705882352941,51.0,B,0
1256,Östra Göinge,12,2022,14941,0.2564754701827187,0.11210762331838565,0.25984649565744294,0.5092910523126641,0.23086245202989295,20.99,20.99,185836,83855.0,201722.42256449783,91023.44940778948,0.2644022644022644,0.25806451612903225,31.0,B,0
1257,Örkelljunga,12,2022,10499,0.22802171635393848,0.11639203733688923,0.23210015473343648,0.5307356871571248,0.23716415810943875,19.06,19.06,195713,70672.0,212443.77024562284,76713.48418755349,0.23266148230439612,0.24324324324324326,37.0,B,0
1260,Bjuv,12,2022,15842,0.25836384294912257,0.08830955687413206,0.2634983127109111,0.5277465316835396,0.2087551556055493,20.99,20.99,193323,73736.0,209849.45811057286,80039.41405441257,0.39083865086599817,0.3870967741935484,31.0,BL,0
1261,Kävlinge,12,2022,32341,0.28035620419900437,0.09542067344856374,0.16313334257078194,0.42076578449032376,0.41610087293889425,18.51,18.51,256009,63472.0,277894.24911381287,68897.98319493428,0.304966968436506,0.30612244897959184,49.0,B,0
1262,Lomma,12,2022,24638,0.29056741618637877,0.12160077928403279,0.11861267245784364,0.28992079713847724,0.5914665304036791,19.64,19.64,313309,65637.0,340092.6111800741,71248.06092396492,0.23441320293398532,0.2222222222222222,45.0,B,0
1263,Svedala,12,2022,23222,0.2906726380156748,0.08289553010076652,0.16054659672301017,0.47017680202059453,0.36927660125639533,20.24,20.24,229401,69726.0,249011.63100108897,75686.61419602325,0.25379499783142984,0.26666666666666666,45.0,B,0
1264,Skurup,12,2022,16419,0.24112308910408672,0.0958036421219319,0.19229754682141914,0.5109469796887365,0.2967554734898444,20.42,20.42,213893,71810.0,232177.91025198635,77948.76753888692,0.3109251968503937,0.3170731707317073,41.0,B,0
1265,Sjöbo,12,2022,19497,0.22331640765245936,0.10976047597066216,0.19401760405788454,0.5343129941817096,0.27166940176040577,20.92,20.92,213414,74324.0,231657.96233872738,80677.6799688098,0.22291096441796812,0.22448979591836735,49.0,B,0
1266,Hörby,12,2022,15745,0.2275643061289298,0.10835185773261352,0.19805164966455288,0.5182428085653892,0.2837055417700579,21.08,21.08,210275,72249.0,228250.6210031952,78425.2960021869,0.21146459174628188,0.1951219512195122,41.0,Ö,0
1267,Höör,12,2022,16954,0.24713931815500767,0.10522590539105815,0.1746018005540166,0.4373268698060942,0.3880713296398892,21.75,21.88,220094,73780.0,238909.01048187967,80087.17544936745,0.2706056677162437,0.2926829268292683,41.0,B,0
1270,Tomelilla,12,2022,13712,0.22323512252042008,0.12616686114352393,0.2158943265482893,0.535404937202252,0.24870073624945865,20.61,20.61,195397,71962.0,212100.75659094678,78113.76144873111,0.2995946728430805,0.3170731707317073,41.0,B,0
1272,Bromölla,12,2022,12650,0.2339920948616601,0.1233201581027668,0.22902547324141154,0.5231362467866324,0.24783827997195607,22.56,21.76,206139,77922.0,223761.04987743506,84583.25949262145,0.36258519961051605,0.36585365853658536,41.0,Ö,0
1273,Osby,12,2022,13269,0.23091416082598537,0.1352777149747532,0.22408102879253441,0.5124615909866849,0.2634573802207807,22.26,22.26,204116,81407.0,221565.11119575886,88366.17907029895,0.35977838028999176,0.36585365853658536,41.0,B,0
1275,Perstorp,12,2022,7565,0.25512227362855255,0.10879048248512889,0.2725446876882908,0.5101425989154449,0.21731271339626432,20.81,20.81,180899,82424.0,196363.37695330882,89470.11858550641,0.2792145593869732,0.2857142857142857,35.0,B,0
1276,Klippan,12,2022,17783,0.2251588595849969,0.10920542090760839,0.21331254103742614,0.541037426132633,0.2456500328299409,20.75,20.75,197140,78782.0,213992.75912291,85516.77766673986,0.30432750724366764,0.2926829268292683,41.0,BL,0
1277,Åstorp,12,2022,16308,0.27851361295069904,0.08376257051753741,0.24753751265764523,0.5206664825554636,0.23179600478689127,20.29,20.29,191169,73102.0,207511.32073028095,79351.21577256249,0.3640143852551135,0.3548387096774194,31.0,BL,0
1278,Båstad,12,2022,15636,0.19704528012279354,0.1578408800204656,0.16039105604491335,0.4485528990417191,0.39105604491336754,20.23,20.23,244286,72093.0,265169.0938170802,78255.96014734682,0.19078564500484965,0.1951219512195122,41.0,BL,0
1280,Malmö,12,2022,351749,0.2326687495913279,0.07138044457837833,0.16497835691017002,0.3525085294463669,0.48251311364346305,21.24,21.24,211109,72842.0,229155.91653484027,79068.989347829,0.4758201456920372,0.4918032786885246,61.0,BL,0
1281,Lund,12,2022,127376,0.21991583971862833,0.0842780429594272,0.09785942772008238,0.2385631655054555,0.6635774067744621,21.24,21.24,236723,71994.0,256959.56131608313,78148.49700869831,0.38508077090999815,0.38461538461538464,65.0,B,0
1282,Landskrona,12,2022,46488,0.24217002237136465,0.10013336775081741,0.19726921371095482,0.48241779129443074,0.32031299499461446,20.24,20.24,205030,72274.0,222557.2456273219,78452.43315841127,0.3557056782910352,0.35294117647058826,51.0,B,0
1283,Helsingborg,12,2022,150109,0.23617504613314325,0.09202646077183912,0.18080404125447275,0.42855092707755305,0.3906450316679742,20.21,20.21,230185,69783.0,249862.6522202853,75748.48691221482,0.38123846282933377,0.38461538461538464,65.0,B,0
1284,Höganäs,12,2022,27589,0.23125158577694008,0.13795353220486425,0.1522073358225346,0.4269163189106084,0.420876345266857,19.73,19.73,242229,68928.0,262936.2486029389,74820.39616934129,0.2689309893610969,0.2682926829268293,41.0,B,0
1285,Eslöv,12,2022,34593,0.25574538201370217,0.09120342265776313,0.19795062878435027,0.4606004149553288,0.34144895626032096,20.54,20.54,215492,74403.0,233913.60276409722,80763.43338247882,0.3767602260752946,0.39215686274509803,51.0,BL,0
1286,Ystad,12,2022,31560,0.20624207858048163,0.13795944233206592,0.15548372200415608,0.47688755483722006,0.3676287231586239,20.11,20.11,229139,76984.0,248727.23360385754,83565.073391083,0.38733246237963903,0.3877551020408163,49.0,B,0
1287,Trelleborg,12,2022,46231,0.23663775388808375,0.10713590447967813,0.18897712532034044,0.49795931281045336,0.3130635618692062,20.4,20.6,216994,71301.0,235544.0031100575,77396.2550381587,0.30254654696615085,0.27450980392156865,51.0,B,0
1290,Kristianstad,12,2022,86641,0.23593910504264726,0.11059429138629517,0.18551555518084478,0.4555265154708709,0.3589579293482843,21.46,21.46,213377,76284.0,231617.7993475153,82805.23301680059,0.3249534622260722,0.3076923076923077,65.0,B,0
1291,Simrishamn,12,2022,19267,0.17574090413660665,0.16894171381117973,0.1908379373848987,0.4631675874769797,0.34599447513812154,20.51,20.51,210979,74875.0,229014.80332247354,81275.78289199497,0.30551181102362207,0.30612244897959184,49.0,B,0
1292,Ängelholm,12,2022,43633,0.22835926936034653,0.12176563610111613,0.1648355351846859,0.4759369102183877,0.3592275545969264,20.29,20.24,233998,71740.0,254001.61128762655,77872.78350145867,0.2945047831403294,0.29411764705882354,51.0,B,0
1293,Hässleholm,12,2022,52309,0.22693991473742567,0.12315280353285285,0.21185389775097233,0.4789752550589031,0.30917084719012455,21.2,20.96,204620,76293.0,222112.1962652422,82815.00239304136,0.31290071304452033,0.3114754098360656,61.0,B,0
1315,Hylte,13,2022,10619,0.2506827384876165,0.11234579527262455,0.26020986954055586,0.5216959727736812,0.2180941576857629,21.45,21.45,190702,86837.0,207004.39865200967,94260.36940223261,0.4322999050933249,0.43902439024390244,41.0,BL,0
1380,Halmstad,13,2022,104573,0.23227793024968205,0.10516098801793962,0.1632492765605622,0.44547333608929307,0.39127738735014467,20.98,20.98,222399,71085.0,241411.05628576677,77161.79000838012,0.4059133623653449,0.4225352112676056,71.0,B,0
1381,Laholm,13,2022,26319,0.22747824765378624,0.12363691629621186,0.20480504135486413,0.5129128453271817,0.2822821133179542,20.58,20.58,207375,73731.0,225102.71088116802,80033.98662316769,0.262636695018226,0.24390243902439024,41.0,B,0
1382,Falkenberg,13,2022,46773,0.22893549697475038,0.12139482179890107,0.1913257265334426,0.5161697030826452,0.29250457038391225,21.1,21.1,210207,71479.0,228176.80793826492,77589.47159047623,0.40649770369110394,0.4117647058823529,51.0,BL,0
1383,Varberg,13,2022,66658,0.2293648174262654,0.11709022172882474,0.16692589103813885,0.47578260202852196,0.35729150693333916,20.33,20.33,232721,65840.0,252615.4453476856,71468.41463250683,0.36613935795138247,0.36065573770491804,61.0,B,0
1384,Kungsbacka,13,2022,85301,0.26574131604553286,0.10447708702125415,0.14182191019046295,0.42378006395106355,0.43439802585847354,21.33,21.33,281933,71157.0,306034.39463223796,77239.94501830632,0.22601593840508014,0.21311475409836064,61.0,B,0
1401,Härryda,14,2022,39006,0.2857252730349177,0.07947495257139928,0.14809334092202617,0.3919559855814836,0.4599506734964902,20.5,20.62,268338,74066.0,291277.2090774243,80397.62451657427,0.3088004623132172,0.3137254901960784,51.0,B,0
1402,Partille,14,2022,39529,0.2678792785043892,0.08325533152875104,0.14420680676957412,0.38329923749302586,0.47249395573740005,19.96,19.96,264951,66971.0,287600.66715214634,72696.09958009742,0.38092483160461177,0.39215686274509803,51.0,B,0
1407,Öckerö,14,2022,12902,0.22601147108975353,0.12889474500077508,0.17595307917888564,0.4549966162869389,0.3690503045341755,21.56,21.21,260896,81821.0,283199.02041255316,88815.57037737456,0.29589822329458215,0.3170731707317073,41.0,B,0
1415,Stenungsund,14,2022,27556,0.2515967484395413,0.10306285382493831,0.16375291375291376,0.46662428480610296,0.36962280144098325,21.64,21.64,256978,77134.0,278946.0852890695,83727.89632842924,0.3647444374173518,0.37254901960784315,51.0,BL,0
1419,Tjörn,14,2022,16312,0.21640510053948014,0.1297204512015694,0.15987743330930065,0.47440519105984136,0.365717375630858,21.71,21.71,255009,78997.0,276808.762864838,85750.15721026946,0.2843163659215369,0.3170731707317073,41.0,B,0
1421,Orust,14,2022,15345,0.192831541218638,0.1494297816878462,0.17787088173681204,0.5129499143020377,0.3091792039611503,22.61,23.61,228923,77537.0,248492.76857407897,84165.34728676612,0.34420912039687085,0.34146341463414637,41.0,BL,0
1427,Sotenäs,14,2022,9125,0.15605479452054793,0.1598904109589041,0.1776840131270511,0.517424597593374,0.30489138927957493,21.99,21.99,241359,78999.0,261991.8755663307,85752.3281827674,0.31997552768430715,0.3225806451612903,31.0,B,0
1430,Munkedal,14,2022,10588,0.22440498677748394,0.12797506611258028,0.2053109713487072,0.5636617749825297,0.23102725366876312,23.38,23.63,200225,82104.0,217341.48420099754,89122.76298583444,0.31368483412322273,0.3142857142857143,35.0,B,0
1435,Tanum,14,2022,12965,0.20146548399537215,0.14006941766293868,0.19589848175844096,0.5094040335372763,0.2946974847042828,21.56,21.56,208712,80366.0,226554.00599604746,87236.18788511609,0.29108910891089107,0.2926829268292683,41.0,B,0
1438,Dals-Ed,14,2022,4756,0.20962994112699748,0.14928511354079058,0.24225806451612902,0.5264516129032258,0.23129032258064516,23.21,23.21,189092,104994.0,205256.76579116008,113969.5432248697,0.26351124538435716,0.25806451612903225,31.0,B,0
1439,Färgelanda,14,2022,6576,0.21700121654501217,0.11891727493917274,0.23790677220756376,0.5499120492524187,0.21218117854001758,22.91,22.26,195426,75565.0,212132.23569216704,82024.76840378763,0.2940079272557706,0.2903225806451613,31.0,B,0
1440,Ale,14,2022,32148,0.2704367301231803,0.08771929824561403,0.1814055838261587,0.47888873607481774,0.3397056800990235,21.87,21.87,234477,75997.0,254521.5592008855,82493.69846334479,0.3729971240755957,0.3877551020408163,49.0,B,0
1441,Lerum,14,2022,43399,0.2898453881425839,0.09327403857231734,0.14831937154576105,0.41423059543258367,0.43745003302165525,20.65,20.65,258051,74406.0,280110.8120342196,80766.68984122574,0.33799919174106324,0.3333333333333333,51.0,B,0
1442,Vårgårda,14,2022,12180,0.2519704433497537,0.09655172413793103,0.2123328917258822,0.5072865229435144,0.2803805853306034,21.61,21.21,211734,77228.0,229834.34544044957,83829.93203583288,0.33747384937238495,0.34146341463414637,41.0,B,0
1443,Bollebygd,14,2022,9634,0.25825202408137843,0.09975088229188292,0.19011290814769607,0.47635032041501374,0.3335367714372902,21.59,21.59,237938,71378.0,258278.4271085876,77479.83747932977,0.31410668380462725,0.2903225806451613,31.0,B,0
1444,Grästorp,14,2022,5730,0.2101221640488656,0.12478184991273997,0.1959255533199195,0.5409959758551308,0.2630784708249497,21.99,21.57,217528,82281.0,236123.6527670101,89314.894051903,0.23307126553385746,0.2222222222222222,27.0,B,0
1445,Essunga,14,2022,5698,0.22797472797472798,0.1232011232011232,0.21748178980228927,0.5624349635796045,0.22008324661810613,21.57,21.57,199752,78298.0,216828.0492052324,84991.40232223601,0.28317409766454354,0.2903225806451613,31.0,B,0
1446,Karlsborg,14,2022,6965,0.19597989949748743,0.15405599425699928,0.16152219873150106,0.5382663847780127,0.30021141649048627,21.32,21.32,219568,75020.0,238338.04471491885,81433.17839809632,0.3554955329316435,0.3548387096774194,31.0,B,0
1447,Gullspång,14,2022,5206,0.19247022666154437,0.15405301575105648,0.26547921967769295,0.5318066157760815,0.20271416454622562,22.49,22.49,191331,81545.0,207687.16950261488,88515.97617265748,0.38744212962962965,0.3870967741935484,31.0,BL,0
1452,Tranemo,14,2022,11937,0.2270252157158415,0.11929295467873,0.247485896492519,0.5145940642629384,0.23792003924454255,21.5,21.5,216896,76110.0,235437.62545765797,82616.35840947895,0.40751258551697433,0.43243243243243246,37.0,BL,0
1460,Bengtsfors,14,2022,9409,0.19353810181740885,0.15091933255393772,0.2389937106918239,0.5290880503144654,0.2319182389937107,22.92,22.92,190647,90290.0,206944.69690831605,98008.55341994291,0.4241839524039235,0.41935483870967744,31.0,B,0
1461,Mellerud,14,2022,9268,0.21579628830384118,0.13854121709106604,0.24517280545189032,0.5107901995781275,0.24403699496998216,22.6,22.6,186185,88394.0,202101.25726539007,95950.47149188652,0.32372281234193223,0.3225806451612903,31.0,B,0
1462,Lilla Edet,14,2022,14509,0.23929974498587084,0.0921497001860914,0.2063,0.5334,0.2603,22.37,22.37,215222,76249.0,233620.52147687398,82767.24099808646,0.3603396832683039,0.3548387096774194,31.0,B,0
1463,Mark,14,2022,35201,0.23652737138149485,0.11266725377119968,0.21817653408619114,0.4978410695009549,0.28398239641285394,21.51,21.21,213909,75321.0,232195.27803196997,81759.90975903776,0.39164421675573025,0.39215686274509803,51.0,BL,0
1465,Svenljunga,14,2022,10864,0.226159793814433,0.11782032400589101,0.255537547271745,0.5282279848730416,0.21623446785521339,22.05,22.35,200557,73934.0,217701.86563565722,80254.3403317096,0.266993794198297,0.2727272727272727,33.0,BL,0
1466,Herrljunga,14,2022,9501,0.21966108830649406,0.11914535312072413,0.21979532610355887,0.5246677867725675,0.2555368871238735,21.94,21.94,211942,73424.0,230060.12658023633,79700.7423447324,0.28632008795351027,0.2903225806451613,31.0,B,0
1470,Vara,14,2022,16162,0.22472466278925876,0.11601286969434475,0.21956521739130436,0.5486413043478261,0.23179347826086957,21.77,21.77,205204,75166.0,222746.12023464355,81591.65939044666,0.3189895303044856,0.3111111111111111,45.0,B,0
1471,Götene,14,2022,13263,0.22347885093870165,0.12304908391766568,0.20806770718839304,0.5187953396350846,0.2731369531765223,22.12,21.77,215067,71636.0,233452.27110828288,77759.8929315653,0.3626572950912595,0.36585365853658536,41.0,B,0
1472,Tibro,14,2022,11281,0.22746210442336673,0.1277369027568478,0.21378674047713195,0.5384209832608409,0.24779227626202716,21.21,21.21,200805,74901.0,217971.066225403,81304.0055344683,0.36641011544804836,0.34285714285714286,35.0,BL,0
1473,Töreboda,14,2022,9207,0.21277289019224502,0.12305854241338113,0.22260596546310832,0.5357927786499215,0.24160125588697018,21.72,21.22,195638,84656.0,212362.35877694972,91892.92389321837,0.36515075795435614,0.3870967741935484,31.0,B,0
1480,Göteborg,14,2022,587549,0.21722954170630876,0.07279052470517353,0.14764211553071158,0.3436940190018852,0.5086638654674033,21.12,21.12,252458,73375.0,274039.687443703,79647.55351853263,0.39978823130788343,0.41975308641975306,81.0,B,0
1481,Mölndal,14,2022,69943,0.24668658764994353,0.0763049912071258,0.13070321039634022,0.36334561353791345,0.5059511760657464,20.51,20.26,275024,70519.0,298534.7701380704,76547.40479146034,0.38999339573227665,0.39344262295081966,61.0,B,0
1482,Kungälv,14,2022,48271,0.2441631621470448,0.10484555944562989,0.1553727008712488,0.46009801548886736,0.3845292836398838,21.44,21.44,251349,72349.0,272835.88319358986,78533.84462708439,0.3434333399562885,0.3389830508474576,59.0,BL,0
1484,Lysekil,14,2022,14266,0.19458853217440067,0.15302116921351466,0.19153582198190705,0.5005719039201414,0.30789227409795156,22.46,22.46,225043,82172.0,244281.0819280564,89196.57605076475,0.3341795288383428,0.3548387096774194,31.0,BL,0
1485,Uddevalla,14,2022,57122,0.23924232344805854,0.10857462973985504,0.17878655832671161,0.4724322661676877,0.34878117550560067,22.16,22.16,220299,82752.0,239131.53516291952,89826.15807517018,0.3762696853117821,0.3770491803278688,61.0,B,0
1486,Strömstad,14,2022,13277,0.22685847706560217,0.11245010167959629,0.21554892053284336,0.49632521819016995,0.2881258612769867,21.91,21.91,186987,85792.0,202971.81723706794,93126.03627205385,0.37192118226600984,0.38461538461538464,39.0,BL,0
1487,Vänersborg,14,2022,39636,0.2356443637097588,0.11704006458774852,0.1821221578243424,0.4726928221132412,0.3451850200624164,22.21,22.21,212483,78253.0,230647.37464093175,84942.55544103215,0.40729507228108874,0.4117647058823529,51.0,BL,0
1488,Trollhättan,14,2022,59154,0.24038949183487168,0.09596984143084153,0.1799384287203355,0.45017332072818944,0.36988825055147506,22.36,21.56,219647,76214.0,238423.7981285879,82729.24897937234,0.486663446573284,0.5081967213114754,61.0,V,1
1489,Alingsås,14,2022,41853,0.24299333381119634,0.11313406446371825,0.16384041654939488,0.4553194483535041,0.380840135097101,21.36,21.36,231810,77021.0,251626.56737486948,83605.23638229509,0.40035749461934117,0.4117647058823529,51.0,B,0
1490,Borås,14,2022,114091,0.2387918416001262,0.09798318885801685,0.19429223744292237,0.45707762557077625,0.34863013698630135,21.31,21.31,224374,76136.0,243554.89162749218,82644.58105195231,0.4237352820614302,0.4383561643835616,73.0,BL,0
1491,Ulricehamn,14,2022,24898,0.2293758534822074,0.1192465258253675,0.21003947445943558,0.5055087491898899,0.2844517763506746,21.05,21.05,218370,70934.0,237037.63218864694,76997.88158478492,0.28608809419973835,0.2857142857142857,49.0,B,0
1492,Åmål,14,2022,12318,0.2175677869784056,0.1410131514856308,0.19627627627627628,0.5314114114114115,0.2723123123123123,22.46,22.46,192499,92867.0,208955.01744141756,100805.8514835512,0.5233552224011895,0.5142857142857142,35.0,V,1
1493,Mariestad,14,2022,24723,0.21344497027059822,0.13845407110787525,0.1703888988148413,0.5282591864689417,0.30135191471621703,21.26,21.26,215606,83851.0,234037.34819648034,91019.10746279359,0.3515347927112633,0.3469387755102041,49.0,B,0
1494,Lidköping,14,2022,40460,0.2240731586752348,0.120365793376174,0.16940400200817615,0.49655741232159506,0.3340385856702288,21.26,21.26,229756,79881.0,249396.97861947506,86709.72705436326,0.4572732962703877,0.45098039215686275,51.0,BL,0
1495,Skara,14,2022,18732,0.22747170617125775,0.11226777706598334,0.20416054442811848,0.5033640089706906,0.29247544660119096,21.5,21.1,217446,84052.0,236034.64289459414,91237.29019883754,0.392022792022792,0.4,45.0,B,0
1496,Skövde,14,2022,57016,0.2277080117861653,0.09742879191805809,0.15432713865776493,0.45916994668925315,0.3865029146529819,21.61,20.86,236426,75158.0,256637.1719001376,81582.97550045486,0.38630880579010857,0.39344262295081966,61.0,B,0
1497,Hjo,14,2022,9233,0.2175890826383624,0.13170150546951154,0.17260098994092288,0.5243493533450423,0.30304965671403483,21.57,21.57,212509,74956.0,230675.5972834051,81363.70727816194,0.31699083748593476,0.30303030303030304,33.0,B,0
1498,Tidaholm,14,2022,12825,0.2227680311890838,0.12631578947368421,0.20768966700995536,0.554983407712553,0.2373269252774917,22.07,22.07,207824,75430.0,225590.09420695776,81878.22776017603,0.5125481498774367,0.5121951219512195,41.0,V,1
1499,Falköping,14,2022,33270,0.24610760444845206,0.11262398557258792,0.21247884563997507,0.5076601051037677,0.2798610492562572,21.95,21.6,203366,78676.0,220750.9965090277,85401.71612434852,0.39139593671004586,0.39215686274509803,51.0,BL,0
1715,Kil,17,2022,12134,0.23932750947750123,0.12304268996209,0.17105100654563418,0.515129060145733,0.31381993330863284,21.87,22.35,208856,77740.0,226710.31601589982,84385.70099530803,0.4307884856070088,0.43902439024390244,41.0,BL,0
1730,Eda,17,2022,8490,0.21177856301531214,0.12025912838633687,0.23793227665706052,0.5551152737752162,0.20695244956772335,22.27,22.25,173218,82584.0,188025.75707493266,89643.7963853424,0.3571120689655172,0.34285714285714286,35.0,BL,0
1737,Torsby,17,2022,11472,0.18505927475592748,0.14870990237099024,0.1667093798052281,0.5980266529984624,0.2352639671963096,22.02,22.5,199934,90596.0,217025.60770254585,98340.71221212922,0.4631716906946265,0.45161290322580644,31.0,BL,0
1760,Storfors,17,2022,3948,0.19782168186423504,0.13855116514690982,0.19883254286756658,0.5957679678949288,0.20539948923750456,22.7,22.5,206717,84859.0,224388.46092934255,92113.27760176027,0.5564727954971858,0.5555555555555556,27.0,V,1
1761,Hammarö,17,2022,16765,0.2801073665374292,0.09364747986877424,0.12642032745817303,0.40359667173660196,0.46998300080522504,23.12,22.1,247094,74499.0,268217.1392042017,80867.64006238041,0.4698148148148148,0.4838709677419355,31.0,B,0
1762,Munkfors,17,2022,3680,0.20108695652173914,0.14891304347826087,0.19559902200489,0.6030969845150774,0.2013039934800326,22.02,22.5,190300,94184.0,206568.03317992177,102235.43687345114,0.6767043078209954,0.7142857142857143,21.0,V,1
1763,Forshaga,17,2022,11606,0.24771669825952095,0.11933482681371704,0.1614442295293359,0.5421018697614443,0.29645390070921984,21.87,22.35,200177,81969.0,217289.38086104675,88976.22234222284,0.4967096604369571,0.4878048780487805,41.0,BL,0
1764,Grums,17,2022,9091,0.21152788472115278,0.13309866901330986,0.2083401205408047,0.5684964978009448,0.22316338165825053,22.5,22.5,203528,81342.0,220926.8452813616,88295.62246411559,0.6238811011653437,0.6129032258064516,31.0,V,1
1765,Årjäng,17,2022,9942,0.2132367732850533,0.12693623013478172,0.2096455195496729,0.5895329377757493,0.20082154267457783,21.97,22.45,176010,79148.0,191056.43468207057,85914.06563386467,0.3951531470885224,0.37142857142857144,35.0,BL,0
1766,Sunne,17,2022,13355,0.20681392736802695,0.1252714339198802,0.16023417172593235,0.5632046834345187,0.276561144839549,21.67,22.15,206604,88580.0,224265.80098320838,96152.37193419585,0.3101706331387517,0.2926829268292683,41.0,BL,0
1780,Karlstad,17,2022,95408,0.21357747777964112,0.10281108502431661,0.12923510916517292,0.4128735564632247,0.45789133437160234,21.27,21.75,229172,72354.0,248763.05465007373,78539.27205832927,0.4344336405310661,0.4426229508196721,61.0,B,0
1781,Kristinehamn,17,2022,24099,0.2062741192580605,0.1345698991659405,0.19012763898130786,0.5160002419696328,0.29387211904905935,21.97,22.45,201237,82571.0,218439.99628496013,89629.68506410572,0.3855108359133127,0.36585365853658536,41.0,B,0
1782,Filipstad,17,2022,10403,0.2115735845429203,0.14015187926559647,0.2488425925925926,0.5708912037037037,0.1802662037037037,22.27,22.0,182449,95097.0,198045.8806392199,103226.48581876521,0.5149718802249582,0.5135135135135135,37.0,V,1
1783,Hagfors,17,2022,11553,0.17770276118757034,0.15112957673331603,0.1717977955150133,0.6116812365387052,0.2165209679462815,22.02,22.5,197152,83774.0,214005.7849578977,90935.52502162252,0.4154123247137527,0.4,35.0,Ö,0
1784,Arvika,17,2022,25854,0.210837781387793,0.13525953430803744,0.16943161735362863,0.5354312752978736,0.2951371073484978,21.75,21.5,203649,78803.0,221058.18911748758,85539.57287796834,0.4898186726131096,0.5102040816326531,49.0,V,1
1785,Säffle,17,2022,15396,0.2112236944660951,0.1458170953494414,0.19026333689631716,0.5657370517928287,0.24399961131085415,21.52,22.0,190853,93300.0,207168.30707560488,101275.86702935732,0.2665538185801056,0.24390243902439024,41.0,B,0
1814,Lekeberg,18,2022,8603,0.2688597001046147,0.10112751365802627,0.1731754726983566,0.513518289450433,0.3133062378512105,22.43,22.43,213472,80737.0,231720.92054116793,87638.90328348578,0.2614354066985646,0.2571428571428571,35.0,BL,0
1860,Laxå,18,2022,5582,0.20243640272303834,0.14170548190612683,0.22046829781636412,0.5616942909760589,0.21783741120757696,22.18,22.18,202133,90286.0,219412.59196404164,98004.211474947,0.3462694725334791,0.3548387096774194,31.0,B,0
1861,Hallsberg,18,2022,16196,0.24222030130896519,0.10731044702395653,0.21172727272727274,0.5413636363636364,0.2469090909090909,21.55,21.55,203872,78715.0,221300.25255100898,85444.05008805855,0.4953596287703016,0.4888888888888889,45.0,V,1
1862,Degerfors,18,2022,9534,0.20211873295573737,0.14401090832808894,0.2255593012565124,0.5619062212687711,0.21253447747471652,23.0,22.3,202442,82010.0,219748.00721497487,89020.72727843082,0.6748532591906086,0.6451612903225806,31.0,BL,0
1863,Hällefors,18,2022,6849,0.20922762447072565,0.15286903197547086,0.20802510647836808,0.5846222819995517,0.20735261152208026,22.05,22.05,183844,87852.0,199560.13395653985,95362.13794494212,0.4959908361970218,0.5161290322580645,31.0,V,1
1864,Ljusnarsberg,18,2022,4604,0.17571676802780192,0.15334491746307558,0.24166402032391235,0.564306128929819,0.19402985074626866,21.02,21.03,187240,86313.0,203246.44525805858,93691.57460776977,0.49381912817176316,0.47619047619047616,21.0,BL,0
1880,Örebro,18,2022,156987,0.23625523132488677,0.09014122188461465,0.1572936008332956,0.41618586114759293,0.42652053801911144,21.35,21.35,223270,75115.0,242356.5148086239,81536.29959174893,0.45221179015028246,0.4461538461538462,65.0,BL,0
1881,Kumla,18,2022,22144,0.2594382225433526,0.10111091040462428,0.19280805924344518,0.5152445126426046,0.29194742811395025,21.6,21.6,211935,75564.0,230052.52817649354,82023.68291753867,0.41229138313874364,0.4,45.0,BL,0
1882,Askersund,18,2022,11534,0.20374544823998614,0.1399341078550373,0.1981561000252589,0.5721141702450113,0.22972972972972974,21.85,21.95,221846,80013.0,240810.78239008368,86853.01123922796,0.4168788187372709,0.3939393939393939,33.0,B,0
1883,Karlskoga,18,2022,30437,0.21795840588757104,0.13345599106350822,0.18883954431357405,0.5223981463603012,0.28876230932612473,22.0,22.0,220312,74439.0,239145.6464841562,80802.51088744191,0.43078997303505445,0.425531914893617,47.0,B,0
1884,Nora,18,2022,10721,0.22078164350340454,0.1390728476821192,0.17687169496242694,0.5160033398274423,0.30712496521013083,22.25,22.25,213047,76034.0,231259.58888535362,82533.86145455686,0.4298850574712644,0.42857142857142855,35.0,BL,0
1885,Lindesberg,18,2022,23601,0.22427015804415068,0.1269861446548875,0.20707544221513843,0.5378461153822114,0.25507844240265015,22.3,22.3,210115,82365.0,228076.94320335923,89406.07489681689,0.40175154070710345,0.4,45.0,BL,0
1904,Skinnskatteberg,19,2022,4371,0.19423472889498972,0.14298787462823154,0.22451698867421718,0.5403064623584277,0.2351765489673551,22.46,22.51,199544,83365.0,216602.26806544565,90491.56114579178,0.4693669162695711,0.45161290322580644,31.0,V,1
1907,Surahammar,19,2022,10099,0.23348846420437666,0.12575502525002474,0.20766396462785555,0.5747973470891673,0.21753868828297715,22.31,22.31,208241,70346.0,226042.74197278026,76359.61567038768,0.4464598249801114,0.45161290322580644,31.0,BL,0
1960,Kungsör,19,2022,8787,0.23785137134403095,0.11699100944577216,0.21353991242842707,0.5212192657460425,0.2652408218255305,22.03,22.03,203652,82241.0,221061.4455762345,89271.474601944,0.42196107234667646,0.41935483870967744,31.0,BL,0
1961,Hallstahammar,19,2022,16608,0.2350674373795761,0.12156791907514451,0.19733190079684843,0.5447219983883964,0.2579461008147551,21.81,21.81,205673,78799.0,223255.21328541276,85535.23093297244,0.5044904334244436,0.4888888888888889,45.0,BL,0
1962,Norberg,19,2022,5714,0.2143857192859643,0.13370668533426672,0.2265564453629553,0.5548953758718678,0.21854817876517696,22.66,22.66,202252,85622.0,219541.76482766966,92941.50360972811,0.5249597423510467,0.5161290322580645,31.0,V,1
1980,Västerås,19,2022,156838,0.2369004960532524,0.09970160292786187,0.17002950720214732,0.4223574507983491,0.4076130419995036,20.36,20.36,236769,69934.0,257009.49368353595,75912.39533581003,0.4002671554161101,0.4098360655737705,61.0,BL,0
1981,Sala,19,2022,22998,0.223975997912862,0.12192364553439429,0.18417523468931604,0.5361772782425442,0.27964748706813974,22.31,22.31,205019,82218.0,222545.30527858317,89246.50841821759,0.3488835725677831,0.35555555555555557,45.0,B,0
1982,Fagersta,19,2022,13319,0.23950747053082064,0.12245664088895562,0.22842010367365337,0.5450755014649538,0.22650439486139284,22.11,22.11,206597,87623.0,224258.20257946555,95113.56159392688,0.6239084983396876,0.6285714285714286,35.0,BL,0
1983,Köping,19,2022,26133,0.22959476523935254,0.12294799678567328,0.20516743158252593,0.5382174627457647,0.2566151056717094,22.16,22.16,209302,84367.0,227194.44288294265,91579.21836726464,0.45386967208200946,0.4489795918367347,49.0,BL,0
1984,Arboga,19,2022,14100,0.21673758865248227,0.1402127659574468,0.1837656200777066,0.5265147537540691,0.2897196261682243,22.41,22.41,208367,81993.0,226179.5132401511,89002.27401219824,0.4195408551844195,0.4146341463414634,41.0,BL,0
2021,Vansbro,20,2022,6776,0.2070543093270366,0.1381345926800472,0.22406371071889797,0.5721050365906156,0.20383125269048644,22.3,22.3,197449,84512.0,214328.17437384324,91736.61387336599,0.31325033348154735,0.3225806451612903,31.0,B,0
2023,Malung-Sälen,20,2022,10218,0.19514582110001957,0.135153650420826,0.19849815811844715,0.5692830830263531,0.23221875885519977,22.57,22.57,209695,90021.0,227621.03897878976,97716.55761896867,0.47259368111682587,0.46153846153846156,39.0,BL,0
2026,Gagnef,20,2022,10502,0.24509617215768426,0.11921538754522948,0.1680887372013652,0.5413822525597269,0.29052901023890787,22.29,22.54,207710,73539.0,225466.3487745746,79825.57326336451,0.2883625128733265,0.2857142857142857,35.0,BL,0
2029,Leksand,20,2022,16012,0.20734449163127655,0.14607794154384213,0.1544219573052398,0.5045744385916274,0.3410036041031328,21.82,21.82,214556,73366.0,232897.58763505673,79637.78414229186,0.29750022891676586,0.2857142857142857,49.0,B,0
2031,Rättvik,20,2022,11103,0.18202287669999098,0.1708547239484824,0.18750832334531894,0.5369556532161406,0.27553602343854044,21.82,21.82,205122,83906.0,222657.1103622276,91078.8092064872,0.3022736233407807,0.3076923076923077,39.0,B,0
2034,Orsa,20,2022,6918,0.19355305001445505,0.1423821913847933,0.19921063564603242,0.5517241379310345,0.2490652264229331,22.32,22.42,195057,80711.0,211731.69126629533,87610.68064101243,0.34936105696339614,0.3548387096774194,31.0,B,0
2039,Älvdalen,20,2022,7042,0.20491337688156774,0.1452712297642715,0.20108582167467112,0.5890582585090833,0.20985591981624557,22.79,22.79,196017,88573.0,212773.7580653112,96144.77353045302,0.336298178737823,0.34285714285714286,35.0,BL,0
2061,Smedjebacken,20,2022,10933,0.20744534894356537,0.1367419738406659,0.19432605221097496,0.5648641449120938,0.24080980287693127,22.46,22.46,214365,73243.0,232690.2597615025,79504.26933366794,0.5731246627091203,0.5714285714285714,35.0,V,1
2062,Mora,20,2022,20670,0.2096274794388002,0.13536526366715046,0.17881637559216573,0.5113483702184827,0.30983525418935165,22.34,22.34,212290,86150.0,230437.8757948796,93514.64034918686,0.3025610919498055,0.3170731707317073,41.0,B,0
2080,Falun,20,2022,59837,0.23629192640005348,0.11033307151093805,0.1447164323800291,0.44583131362094036,0.4094522539990305,22.07,22.07,231247,75025.0,251015.43861669663,81438.60582934119,0.42342018137325466,0.4426229508196721,61.0,B,0
2081,Borlänge,20,2022,52254,0.24589505109656676,0.1009109350480346,0.20767620376831822,0.4918073970690858,0.3005163991625959,22.42,22.42,209390,81086.0,227289.9656728524,88017.737984378,0.42879489802057635,0.4426229508196721,61.0,BL,0
2082,Säter,20,2022,11242,0.22238035936666073,0.12391033623910336,0.17815344603381014,0.5314694408322497,0.29037711313394016,22.32,22.32,216709,75673.0,235234.63952909966,82142.00091867693,0.39702167264991356,0.4,35.0,BL,0
2083,Hedemora,20,2022,15458,0.21716910337689221,0.1277008668650537,0.20510388008727826,0.543401954273788,0.2514941656389337,22.17,22.17,204913,77944.0,222430.24373619183,84607.1401900989,0.36656565656565654,0.36585365853658536,41.0,BL,0
2084,Avesta,20,2022,22925,0.21967284623773173,0.12667393675027264,0.2066025641025641,0.5525641025641026,0.24083333333333334,21.97,21.97,211450,78780.0,229526.0673457407,85514.60669424191,0.5255792152136065,0.5121951219512195,41.0,V,1
2085,Ludvika,20,2022,26497,0.22881835679510887,0.1255236441861343,0.20237225251559954,0.5105402214851875,0.287087525999213,22.07,22.07,210136,82740.0,228099.7384145877,89813.13224018249,0.4529983792544571,0.4666666666666667,45.0,BL,0
2101,Ockelbo,21,2022,5865,0.20170502983802216,0.1309462915601023,0.2411504424778761,0.5277777777777778,0.23107177974434612,22.76,22.76,202277,81033.0,219568.90198389403,87960.20721318234,0.4819398838090427,0.4838709677419355,31.0,BL,0
2104,Hofors,21,2022,9578,0.2086030486531635,0.1266443934015452,0.2065151515151515,0.5842424242424242,0.20924242424242423,22.86,22.86,211529,83966.0,229611.82075940972,91143.9383814257,0.43527898375944685,0.41935483870967744,31.0,BL,0
2121,Ovanåker,21,2022,11711,0.21697549312612074,0.13892921185210486,0.23067189674807034,0.543717575604201,0.2256105276477287,21.86,21.86,194631,74153.0,211269.274124232,80492.06182023509,0.37986299599327905,0.37142857142857144,35.0,BL,0
2132,Nordanstig,21,2022,9480,0.2208860759493671,0.1281645569620253,0.2156288532675709,0.5462392108508015,0.23813193588162762,22.51,22.51,192139,74143.0,208564.24239178657,80481.20695774534,0.40631718207375556,0.41935483870967744,31.0,BL,0
2161,Ljusdal,21,2022,18804,0.2101148691767709,0.13858753456711337,0.19719401596775443,0.5733664057049841,0.22943957832726145,22.36,22.36,198394,80601.0,215353.95887912452,87491.27715362518,0.43972763954270344,0.4634146341463415,41.0,BL,0
2180,Gävle,21,2022,103136,0.22930887372013653,0.10396951597890164,0.1813905731847761,0.4505002011904927,0.3681092256247312,22.26,22.26,231736,75419.0,251546.24139244534,81866.2874114373,0.4555135021477276,0.46153846153846156,65.0,BL,0
2181,Sandviken,21,2022,39250,0.22535031847133757,0.12456050955414012,0.2109447907723319,0.5131583859046623,0.2758968233230057,21.61,21.61,220544,76197.0,239397.47929391835,82710.79571313977,0.4587257617728532,0.45098039215686275,51.0,BL,0
2182,Söderhamn,21,2022,25446,0.21127092666823863,0.13510964395189815,0.20508386650527408,0.5496570407516284,0.2452590927430976,21.66,21.66,203417,81682.0,220806.3563077254,88664.68778876704,0.38328920270667843,0.3877551020408163,49.0,B,0
2183,Bollnäs,21,2022,26753,0.22102194146450865,0.13142451313871342,0.19125563001208393,0.5402614522684829,0.26848291771943317,21.86,21.86,199745,80175.0,216820.4508014896,87028.86001156189,0.37602786660575604,0.4,45.0,BL,0
2184,Hudiksvall,21,2022,37744,0.2188162356930903,0.12775540483255618,0.179621363706326,0.5102739726027398,0.31010466369093426,21.61,21.61,216897,77784.0,235438.71094390695,84433.46239026292,0.45999754711581703,0.45098039215686275,51.0,BL,0
2260,Ånge,22,2022,9233,0.19852702263619626,0.1340842629697823,0.19209302325581395,0.5910077519379845,0.21689922480620155,23.33,23.33,208001,91888.0,225782.2252730263,99743.16044580478,0.5026967005076142,0.5142857142857142,35.0,V,1
2262,Timrå,22,2022,17923,0.22200524465770238,0.11594041176142388,0.19158653846153847,0.5419070512820513,0.26650641025641025,23.24,22.64,219249,78375.0,237991.77460149588,85074.98476340708,0.5360457408021213,0.5121951219512195,41.0,V,1
2280,Härnösand,22,2022,25012,0.22321285782824243,0.1346153846153846,0.18402223404884394,0.4639583702915262,0.3520193956596298,23.34,23.34,206321,87346.0,223958.6083747485,94812.88190296083,0.48166140393490403,0.4883720930232558,43.0,BL,0
2281,Sundsvall,22,2022,99383,0.2278759948884618,0.11180986687864122,0.16380254887261403,0.46812467562424315,0.3680727755031428,22.59,22.59,237757,73419.0,258081.95409752315,79695.31491348753,0.48692318225386827,0.48148148148148145,81.0,BL,0
2282,Kramfors,22,2022,18005,0.19738961399611218,0.1417939461260761,0.19988688696776277,0.5540114728932698,0.24610164013896743,23.14,23.14,199708,95323.0,216780.28781027754,103471.80571103354,0.539319393193932,0.5609756097560976,41.0,V,1
2283,Sollefteå,22,2022,18814,0.206176251727437,0.14627405123843945,0.1896224924972358,0.5453324909177065,0.26504501658505764,23.39,23.39,197292,99787.0,214157.7530327542,108317.41632645745,0.4693149196989681,0.4888888888888889,45.0,BL,0
2284,Örnsköldsvik,22,2022,55823,0.22884832416745785,0.12244057109076904,0.15477503018848113,0.5135979419331128,0.33162702787840603,22.71,22.44,222327,79405.0,241332.9012758406,86193.03559985122,0.4944719077233828,0.5081967213114754,61.0,V,1
2303,Ragunda,23,2022,5210,0.20422264875239923,0.14222648752399233,0.18881317433276548,0.6016467915956842,0.20954003407155025,23.22,23.22,191844,93231.0,208244.023948339,101200.96847817807,0.3934520390580126,0.4,25.0,B,0
2305,Bräcke,23,2022,6175,0.20178137651821862,0.1365182186234818,0.18373071528751753,0.5944366526414212,0.22183263207106124,23.39,23.39,194034,98019.0,210621.238833594,106398.27663826985,0.4149116436698136,0.3870967741935484,31.0,BL,0
2309,Krokom,23,2022,15352,0.2698671182907764,0.1001823866597186,0.15446601941747573,0.5072815533980582,0.338252427184466,22.17,22.17,207682,82736.0,225435.9551596033,89808.79029518658,0.4165512834167643,0.4146341463414634,41.0,B,0
2313,Strömsund,23,2022,11473,0.20177808768412794,0.1469537174235161,0.17735070295369534,0.6044111956661937,0.21823810138011093,23.22,23.22,190519,96277.0,206805.75466844725,104507.35959255559,0.5318838658358743,0.5142857142857142,35.0,V,1
2321,Åre,23,2022,12271,0.23486268437780133,0.0775812892184826,0.1539166284928997,0.47411818598259275,0.3719651855245076,22.22,22.22,204902,82657.0,222418.3033874531,89723.03688151756,0.3326577489528442,0.32432432432432434,37.0,B,0
2326,Berg,23,2022,7135,0.21878065872459707,0.14253679046951648,0.18200793153830097,0.5696096848257148,0.24838238363598414,22.52,22.52,189531,106283.0,205733.29425446005,115368.73499979834,0.46524761077324067,0.4838709677419355,31.0,BL,0
2361,Härjedalen,23,2022,10114,0.17955309472018985,0.14662843583152066,0.1818439314544682,0.576263985271208,0.24189208327432374,22.47,22.47,204769,98878.0,222273.93371633947,107330.70932613927,0.4039239179272128,0.3870967741935484,31.0,BL,0
2380,Östersund,23,2022,64324,0.22660282320751196,0.10733163360487531,0.1361098133440121,0.46138957485149834,0.40250061180448954,22.02,22.02,220445,81593.0,239290.01615526984,88568.07951260828,0.42372678823220133,0.4262295081967213,61.0,B,0
2401,Nordmaling,24,2022,7100,0.21309859154929578,0.13802816901408452,0.18894389438943895,0.5631188118811881,0.24793729372937293,23.25,23.3,204166,86144.0,221619.3855082076,93508.127431693,0.28051892811569545,0.2903225806451613,31.0,B,0
2403,Bjurholm,24,2022,2395,0.21085594989561587,0.15782881002087681,0.1859582542694497,0.5825426944971537,0.2314990512333966,23.15,23.15,190938,108366.0,207260.57340676774,117629.80285641304,0.34667487684729065,0.3548387096774194,31.0,B,0
2404,Vindeln,24,2022,5550,0.22720720720720722,0.1390990990990991,0.16479298053194405,0.5653962160680011,0.26981080340005487,23.6,23.65,194050,85502.0,210638.6066135776,92811.24525985113,0.45103167683812845,0.45161290322580644,31.0,BL,0
2409,Robertsfors,24,2022,6786,0.22295903330386088,0.1237842617152962,0.1625,0.553448275862069,0.28405172413793106,23.15,23.15,203747,88363.0,221164.5667698871,95916.8214181683,0.5314374583425905,0.5161290322580645,31.0,V,1
2417,Norsjö,24,2022,3971,0.21581465625786955,0.13976328380760514,0.18321468714874484,0.6069689022105658,0.2098164106406894,23.35,23.4,201610,100774.0,218844.88265582777,109388.79125419566,0.5321207430340558,0.5161290322580645,31.0,V,1
2418,Malå,24,2022,3034,0.2218193803559657,0.13579433091628212,0.1957593688362919,0.5951676528599605,0.20907297830374755,23.35,23.4,208734,100636.0,226577.8866935249,109238.99415183713,0.6336032388663968,0.64,25.0,V,1
2421,Storuman,24,2022,5808,0.19576446280991736,0.14497245179063362,0.1757132037364302,0.5569300681646049,0.26735672809896494,23.1,23.15,196391,102251.0,213179.72992242782,110992.05444393159,0.3750985027580772,0.3548387096774194,31.0,B,0
2422,Sorsele,24,2022,2460,0.19065040650406503,0.1434959349593496,0.16315472606863335,0.5972305839855508,0.23961468994581578,23.6,23.15,195164,104817.0,211847.83829493562,113777.41215880115,0.7488464073829928,0.7619047619047619,21.0,BL,0
2425,Dorotea,24,2022,2459,0.19072793818625458,0.17161447742984953,0.16197623514696685,0.6316447779862414,0.20637898686679174,23.8,23.85,205626,119177.0,223204.19543171095,129364.99469408058,0.37605804111245467,0.36,25.0,BL,0
2460,Vännäs,24,2022,9054,0.2572343715484869,0.10978573006406009,0.1529218106995885,0.5150617283950617,0.3320164609053498,23.6,23.65,210157,100268.0,228122.53362581617,108839.53521221437,0.47518235189468067,0.4838709677419355,31.0,BL,0
2462,Vilhelmina,24,2022,6485,0.2092521202775636,0.135851966075559,0.17243689970962697,0.6030824212642395,0.22448067902613358,23.4,23.45,191955,113943.0,208364.5129219752,123683.559666946,0.4244306418219462,0.4444444444444444,27.0,B,0
2463,Åsele,24,2022,2807,0.19380121125757035,0.15995724973281084,0.1677384780278671,0.587352625937835,0.24490889603429797,23.6,23.15,189597,103197.0,205804.9363468924,112018.92443546183,0.4473829201101928,0.45161290322580644,31.0,V,1
2480,Umeå,24,2022,130997,0.2236692443338397,0.08113162896860233,0.10629987754929697,0.3686821770890512,0.5250179453616518,22.8,22.85,231603,69216.0,251401.87172133167,75133.01620904605,0.520194013959541,0.5384615384615384,65.0,V,1
2481,Lycksele,24,2022,12264,0.2288812785388128,0.12239073711676451,0.15469546226644018,0.5649114292647416,0.28039310846881826,23.05,23.1,210195,102726.0,228163.78210327722,111507.66041219466,0.4352730069213022,0.41935483870967744,31.0,B,0
2482,Skellefteå,24,2022,73393,0.22127450846811003,0.11704113471311978,0.14335533444980791,0.5197714510885627,0.3368732144616294,22.6,22.65,229784,86522.0,249427.37223444635,93918.44123380551,0.5634855621544133,0.5846153846153846,65.0,V,1
2505,Arvidsjaur,25,2022,6143,0.2000651147647729,0.14504313853166206,0.15910188314823756,0.6117817479478512,0.22911636890391116,22.8,22.8,216117,102757.0,234592.0316697065,111541.31048591288,0.5009615384615385,0.5172413793103449,29.0,V,1
2506,Arjeplog,25,2022,2707,0.18396749168821575,0.1536756557074252,0.16144708423326135,0.593952483801296,0.24460043196544276,23.5,23.5,214544,113454.0,232884.561800069,123152.75689119728,0.6722408026755853,0.7142857142857143,21.0,V,1
2510,Jokkmokk,25,2022,4780,0.17573221757322174,0.13493723849372385,0.15624073525051882,0.5621108805217907,0.2816483842276905,22.95,22.95,223569,98534.0,242681.0751970674,106957.30205649191,0.6020593579648698,0.6,25.0,V,1
2513,Överkalix,25,2022,3252,0.16297662976629768,0.18357933579335795,0.16841624828845275,0.6111364673664993,0.22044728434504793,22.8,22.8,205817,109042.0,223411.52330526515,118363.59156072006,0.6637010676156584,0.68,25.0,V,1
2514,Kalix,25,2022,15768,0.19279553526128868,0.15017757483510907,0.15968321208214384,0.5739939220922737,0.26632286582558246,22.55,22.55,219394,87460.0,238149.17010759722,94936.62733534396,0.5188127853881278,0.5365853658536586,41.0,V,1
2518,Övertorneå,25,2022,4211,0.16718119211588697,0.1697933982426977,0.1375,0.60625,0.25625,21.75,21.75,197237,105658.0,214098.0512890606,114690.30609418903,0.42723679482572763,0.4,25.0,BL,0
2521,Pajala,25,2022,5973,0.19353758580277916,0.16909425749204754,0.1491338187296008,0.6357017323625408,0.2151644489078584,23.4,23.5,205931,101801.0,223535.26873764826,110503.58563189289,0.476728898238233,0.5238095238095238,21.0,BL,0
2523,Gällivare,25,2022,17449,0.20012608172388102,0.12636827325348157,0.1488590493450861,0.6065573770491803,0.24458357360573357,22.55,22.55,274436,92475.0,297896.5042236732,100380.34087395304,0.5904953614563276,0.6097560975609756,41.0,V,1
2560,Älvsbyn,25,2022,8009,0.20751654388812585,0.13597203146460232,0.16639269406392693,0.6107762557077625,0.2228310502283105,22.45,22.45,210364,88209.0,228347.22927935398,95749.65653582616,0.4986925663055659,0.5161290322580645,31.0,V,1
2580,Luleå,25,2022,78867,0.21051897498319957,0.10332585238439398,0.12243885147110954,0.4390287132222616,0.43853243530662883,22.5,22.5,245287,72480.0,266255.66555230407,78676.0433257001,0.5152921642987868,0.5245901639344263,61.0,V,1
2581,Piteå,25,2022,42323,0.21799021808472935,0.11372067197504902,0.12891109695160805,0.5501190516113887,0.32096985143700324,22.25,22.25,233547,75875.0,253512.05698933886,82361.26914096986,0.5171412961824763,0.5098039215686274,51.0,V,1
2582,Boden,25,2022,28160,0.20500710227272728,0.12265625,0.15123925139099645,0.5095093576125442,0.3392513909964593,22.6,22.6,226560,88563.0,245927.7645677513,96133.91866796327,0.4268216407797352,0.42857142857142855,49.0,BL,0
2583,Haparanda,25,2022,9496,0.20861415332771693,0.1359519797809604,0.2029503105590062,0.5771739130434783,0.21987577639751552,22.5,22.5,187830,91097.0,203886.88214495376,98884.54082286565,0.3802179724449928,0.3548387096774194,31.0,B,0
2584,Kiruna,25,2022,22555,0.21711372201285745,0.1057415207271115,0.14896176247151177,0.5731197771587744,0.27791846036971385,23.05,23.05,271920,86106.0,295165.42082125234,93466.87895423196,0.33409106104165276,0.3333333333333333,45.0,B,0
