school_id,class_id,class_type,class_size,read_score,birth_month
15,263,,25,618,2
15,263,AIDE,25,636,7
15,263,AIDE,25,618,8
15,263,AIDE,25,644,9
15,263,AIDE,25,599,6
15,263,AIDE,25,599,8
15,175,AIDE,27,592,2
15,175,REGULAR,27,599,1
15,37,,16,543,12
15,37,,16,604,1
15,37,SMALL,16,564,7
15,37,SMALL,16,641,9
15,37,SMALL,16,675,11
15,37,SMALL,16,,5
15,37,SMALL,16,626,6
15,37,SMALL,16,602,11
72,187,REGULAR,25,612,4
72,187,REGULAR,25,,10
72,187,AIDE,25,624,12
72,187,REGULAR,25,636,12
72,187,REGULAR,25,600,11
72,187,REGULAR,25,583,12
72,187,REGULAR,25,670,12
72,187,REGULAR,25,614,2
72,187,REGULAR,25,624,3
72,187,REGULAR,25,590,4
72,187,AIDE,25,661,5
72,187,REGULAR,25,670,7
72,187,REGULAR,25,647,8
72,187,SMALL,25,702,9
72,187,REGULAR,25,,3
72,187,AIDE,25,,7
72,187,AIDE,25,654,6
72,218,SMALL,15,,7
72,218,SMALL,15,,11
72,218,SMALL,15,650,2
72,218,SMALL,15,606,3
72,218,SMALL,15,597,3
72,218,SMALL,15,600,3
72,218,SMALL,15,606,3
72,218,SMALL,15,622,6
72,218,SMALL,15,604,7
72,218,SMALL,15,592,8
72,322,AIDE,25,600,10
72,322,AIDE,25,602,12
72,322,AIDE,25,587,11
72,322,AIDE,25,,1
72,322,AIDE,25,578,2
72,322,AIDE,25,670,4
72,322,AIDE,25,624,4
72,322,AIDE,25,612,4
72,322,,25,624,7
72,322,,25,633,6
72,322,AIDE,25,644,8
72,322,AIDE,25,633,8
72,322,AIDE,25,577,8
72,322,AIDE,25,657,8
72,322,AIDE,25,626,9
72,322,AIDE,25,585,1
72,322,AIDE,25,585,1
72,322,AIDE,25,670,10
72,322,AIDE,25,595,4
38,143,,13,618,12
38,143,,13,639,2
38,143,SMALL,13,647,2
38,143,SMALL,13,680,6
38,143,SMALL,13,624,7
38,143,SMALL,13,629,9
38,143,SMALL,13,606,6
38,143,SMALL,13,629,9
38,61,AIDE,20,578,11
38,61,AIDE,20,641,11
38,61,AIDE,20,639,12
38,61,AIDE,20,554,7
38,61,AIDE,20,650,2
38,61,AIDE,20,582,5
38,61,AIDE,20,641,9
38,61,AIDE,20,612,8
38,61,AIDE,20,610,1
38,61,AIDE,20,675,1
38,61,AIDE,20,675,9
38,75,SMALL,13,616,9
38,75,SMALL,13,650,12
38,75,SMALL,13,622,2
38,75,SMALL,13,657,3
38,75,,13,582,3
38,75,,13,650,5
38,75,,13,647,5
38,75,SMALL,13,641,5
38,75,SMALL,13,606,10
38,75,SMALL,13,593,5
38,298,AIDE,20,633,11
38,298,REGULAR,20,629,11
38,298,REGULAR,20,592,1
38,298,REGULAR,20,633,5
38,298,AIDE,20,620,7
38,298,AIDE,20,593,7
38,298,REGULAR,20,618,9
38,298,AIDE,20,636,9
12,192,SMALL,16,686,12
12,192,SMALL,16,,10
12,192,SMALL,16,675,12
12,192,SMALL,16,612,1
12,192,,16,641,8
12,192,,16,624,7
12,195,SMALL,16,602,12
12,195,SMALL,16,639,1
12,195,,16,577,1
12,195,SMALL,16,670,3
12,195,SMALL,16,,4
12,195,SMALL,16,665,7
12,195,SMALL,16,590,9
12,195,SMALL,16,590,1
12,200,REGULAR,24,644,1
12,200,AIDE,24,604,2
12,200,AIDE,24,,3
12,200,REGULAR,24,597,6
12,200,REGULAR,24,578,7
12,252,AIDE,24,575,12
12,252,AIDE,24,641,12
12,252,AIDE,24,570,11
12,252,AIDE,24,600,1
12,252,AIDE,24,569,8
12,252,AIDE,24,675,5
12,252,AIDE,24,629,7
12,252,AIDE,24,618,9
5,198,AIDE,23,608,11
5,198,,23,,10
5,198,AIDE,23,595,12
5,198,AIDE,23,644,1
5,198,AIDE,23,654,2
5,198,AIDE,23,626,2
5,198,AIDE,23,657,4
5,198,AIDE,23,675,5
5,198,AIDE,23,680,8
5,198,AIDE,23,675,6
5,198,,23,622,3
5,48,AIDE,18,665,11
5,48,AIDE,18,602,12
5,48,REGULAR,18,620,1
5,48,AIDE,18,661,8
5,48,AIDE,18,597,9
5,48,REGULAR,18,650,9
5,48,SMALL,18,633,9
5,48,REGULAR,18,647,12
5,64,AIDE,23,620,5
5,64,AIDE,23,661,12
5,64,AIDE,23,631,3
5,64,AIDE,23,657,1
5,64,AIDE,23,670,4
5,64,AIDE,23,650,3
5,164,SMALL,15,670,9
5,164,SMALL,15,713,9
5,164,SMALL,15,639,12
5,164,SMALL,15,654,1
5,164,SMALL,15,629,1
5,164,SMALL,15,702,3
5,164,SMALL,15,686,4
5,164,SMALL,15,641,6
5,164,SMALL,15,593,1
5,164,SMALL,15,702,12
21,90,AIDE,19,597,3
21,90,AIDE,19,585,9
21,90,AIDE,19,675,11
21,90,AIDE,19,624,12
21,90,AIDE,19,618,3
21,90,AIDE,19,610,6
21,90,AIDE,19,693,7
21,90,AIDE,19,657,7
21,90,AIDE,19,573,7
21,90,AIDE,19,606,9
21,90,AIDE,19,582,12
21,57,AIDE,22,597,11
21,57,AIDE,22,595,11
21,57,AIDE,22,654,12
21,57,AIDE,22,693,2
21,57,AIDE,22,693,3
21,57,AIDE,22,665,6
21,57,AIDE,22,597,6
21,57,AIDE,22,647,7
21,57,AIDE,22,693,7
21,57,AIDE,22,602,9
21,57,AIDE,22,610,5
21,57,AIDE,22,618,8
21,277,REGULAR,22,543,11
21,277,AIDE,22,600,11
21,277,REGULAR,22,639,2
21,277,AIDE,22,578,2
21,277,REGULAR,22,618,3
21,277,REGULAR,22,606,3
21,277,REGULAR,22,587,3
21,277,REGULAR,22,549,5
21,277,AIDE,22,702,5
21,277,REGULAR,22,693,7
21,277,REGULAR,22,639,8
21,277,REGULAR,22,585,7
21,277,REGULAR,22,647,2
21,277,AIDE,22,644,10
21,277,AIDE,22,583,3
21,196,,15,565,3
21,196,SMALL,15,606,6
21,196,,15,624,1
21,196,,15,582,2
21,196,,15,517,3
21,196,SMALL,15,624,2
21,196,,15,562,4
21,196,SMALL,15,618,7
21,196,SMALL,15,620,8
21,196,SMALL,15,599,3
21,196,SMALL,15,,5
21,264,SMALL,16,650,11
21,264,SMALL,16,650,11
21,264,SMALL,16,675,11
21,264,SMALL,16,597,11
21,264,SMALL,16,618,1
21,264,SMALL,16,612,2
21,264,SMALL,16,620,2
21,264,SMALL,16,665,2
21,264,SMALL,16,633,5
21,264,SMALL,16,713,4
21,264,SMALL,16,647,12
21,264,SMALL,16,647,12
21,264,SMALL,16,599,4
21,54,SMALL,15,644,11
21,54,SMALL,15,654,11
21,54,SMALL,15,657,11
21,54,SMALL,15,570,2
21,54,SMALL,15,610,2
21,54,SMALL,15,633,3
21,54,SMALL,15,654,5
21,54,SMALL,15,647,6
21,54,SMALL,15,572,6
21,54,SMALL,15,644,7
21,54,SMALL,15,567,8
21,54,SMALL,15,554,8
21,54,SMALL,15,602,8
21,54,SMALL,15,654,12
30,283,AIDE,24,595,11
30,283,AIDE,24,657,11
30,283,AIDE,24,686,4
30,283,AIDE,24,624,9
30,283,AIDE,24,657,1
30,283,AIDE,24,595,1
30,283,AIDE,24,606,4
30,283,AIDE,24,,3
30,283,AIDE,24,665,6
30,283,AIDE,24,680,7
30,283,AIDE,24,600,8
30,283,,24,670,1
30,167,AIDE,23,554,9
30,167,SMALL,23,631,9
30,167,AIDE,23,540,10
30,167,REGULAR,23,644,11
30,167,AIDE,23,702,11
30,167,REGULAR,23,604,3
30,167,REGULAR,23,622,5
30,167,AIDE,23,604,7
30,167,AIDE,23,583,2
30,167,REGULAR,23,542,12
30,167,REGULAR,23,654,8
30,167,REGULAR,23,604,8
30,167,REGULAR,23,641,9
30,167,SMALL,23,590,9
30,167,SMALL,23,620,8
30,21,AIDE,22,641,6
30,21,,22,657,3
30,21,,22,585,6
30,21,AIDE,22,620,6
30,21,AIDE,22,572,12
30,21,AIDE,22,650,5
30,21,,22,686,7
30,21,,22,629,2
30,21,AIDE,22,657,3
30,21,AIDE,22,567,8
30,47,SMALL,16,661,12
30,47,SMALL,16,606,2
30,47,SMALL,16,650,2
30,47,SMALL,16,,7
30,47,SMALL,16,639,1
30,47,SMALL,16,633,3
30,47,SMALL,16,675,11
30,47,SMALL,16,650,11
30,47,SMALL,16,665,2
30,47,SMALL,16,626,5
30,47,SMALL,16,620,6
1,231,AIDE,22,639,12
1,231,AIDE,22,639,1
1,231,AIDE,22,639,1
1,231,AIDE,22,575,2
1,231,AIDE,22,612,2
1,231,AIDE,22,618,3
1,231,,22,624,3
1,231,AIDE,22,693,3
1,231,AIDE,22,629,5
1,231,AIDE,22,600,6
1,231,AIDE,22,612,7
1,231,AIDE,22,587,11
1,231,AIDE,22,633,1
1,231,AIDE,22,650,4
1,231,AIDE,22,647,8
1,111,,15,,10
1,111,SMALL,15,606,11
1,111,SMALL,15,599,11
1,111,SMALL,15,629,4
1,111,SMALL,15,583,2
1,111,SMALL,15,675,5
1,111,SMALL,15,665,5
1,111,SMALL,15,686,6
1,111,SMALL,15,647,11
1,111,SMALL,15,582,1
1,111,SMALL,15,641,8
1,62,SMALL,15,636,12
1,62,SMALL,15,657,2
1,62,SMALL,15,616,4
1,62,SMALL,15,631,6
1,62,SMALL,15,610,6
1,62,SMALL,15,612,7
1,62,SMALL,15,626,7
1,62,SMALL,15,624,8
1,62,SMALL,15,641,8
1,62,,15,641,12
1,62,SMALL,15,599,4
1,62,SMALL,15,618,9
1,68,REGULAR,20,554,1
1,68,REGULAR,20,713,1
1,68,AIDE,20,604,7
1,68,REGULAR,20,657,5
1,68,AIDE,20,670,5
1,68,REGULAR,20,654,5
1,68,REGULAR,20,608,6
1,68,AIDE,20,631,7
1,68,AIDE,20,624,7
1,68,REGULAR,20,661,8
1,68,REGULAR,20,675,2
1,68,AIDE,20,606,12
1,68,SMALL,20,560,5
1,68,AIDE,20,,3
1,68,REGULAR,20,604,11
1,68,AIDE,20,661,11
1,68,REGULAR,20,633,7
1,38,AIDE,22,644,12
1,38,,22,670,1
1,38,AIDE,22,602,2
1,38,AIDE,22,608,4
1,38,AIDE,22,612,5
1,38,AIDE,22,624,5
1,38,AIDE,22,631,6
1,38,AIDE,22,702,5
1,38,AIDE,22,585,4
1,38,AIDE,22,633,5
1,38,AIDE,22,588,3
1,38,AIDE,22,629,5
46,182,SMALL,14,665,7
46,182,SMALL,14,620,4
46,182,SMALL,14,639,3
46,182,SMALL,14,650,5
46,182,SMALL,14,595,1
46,182,SMALL,14,650,2
46,182,SMALL,14,639,2
46,182,SMALL,14,629,11
46,182,SMALL,14,,12
46,182,SMALL,14,592,2
46,148,AIDE,20,644,1
46,148,AIDE,20,550,2
46,148,AIDE,20,650,4
46,148,AIDE,20,573,4
46,148,AIDE,20,631,4
46,148,AIDE,20,567,5
46,148,AIDE,20,644,5
46,148,AIDE,20,559,7
46,148,AIDE,20,600,7
46,148,AIDE,20,657,8
46,148,AIDE,20,582,9
46,148,AIDE,20,631,5
46,148,AIDE,20,,11
46,148,AIDE,20,,5
46,148,AIDE,20,654,9
46,148,AIDE,20,,3
46,300,REGULAR,20,641,12
46,300,REGULAR,20,633,2
46,300,REGULAR,20,702,4
46,300,REGULAR,20,686,5
46,300,REGULAR,20,583,5
46,300,AIDE,20,614,6
46,300,AIDE,20,610,6
46,300,AIDE,20,618,8
46,300,AIDE,20,626,3
46,300,REGULAR,20,753,6
46,300,REGULAR,20,608,4
46,300,REGULAR,20,565,5
46,300,REGULAR,20,693,3
46,300,REGULAR,20,713,5
46,300,AIDE,20,610,2
46,107,SMALL,14,614,11
46,107,SMALL,14,533,8
46,107,SMALL,14,670,12
46,107,SMALL,14,680,12
46,107,SMALL,14,639,1
46,107,SMALL,14,702,2
46,107,SMALL,14,675,4
46,107,SMALL,14,535,7
46,107,SMALL,14,647,8
46,107,SMALL,14,639,2
46,107,SMALL,14,,9
19,202,,11,,3
19,202,SMALL,11,654,9
19,202,SMALL,11,592,11
19,202,SMALL,11,728,1
19,202,SMALL,11,693,1
19,79,SMALL,11,567,1
19,79,SMALL,11,620,4
19,79,SMALL,11,641,5
19,79,SMALL,11,636,5
19,79,SMALL,11,622,9
19,133,SMALL,21,639,11
19,133,REGULAR,21,620,11
19,133,REGULAR,21,686,11
19,133,REGULAR,21,616,5
19,133,AIDE,21,610,5
19,133,REGULAR,21,614,4
19,133,AIDE,21,588,7
19,133,AIDE,21,573,9
19,133,REGULAR,21,578,12
19,133,REGULAR,21,631,2
19,133,REGULAR,21,680,4
19,332,AIDE,21,592,7
19,332,AIDE,21,560,8
19,332,AIDE,21,573,9
19,332,AIDE,21,618,12
19,332,AIDE,21,657,12
19,332,AIDE,21,612,11
19,332,AIDE,21,597,1
19,332,AIDE,21,654,1
19,332,AIDE,21,580,2
19,332,AIDE,21,633,3
19,332,AIDE,21,639,3
19,332,AIDE,21,610,3
19,332,AIDE,21,608,4
19,332,AIDE,21,620,7
19,332,AIDE,21,593,8
3,232,SMALL,14,686,9
3,232,SMALL,14,693,9
3,232,SMALL,14,657,11
3,232,SMALL,14,647,1
3,232,,14,693,1
3,232,SMALL,14,693,4
3,232,SMALL,14,629,4
3,232,SMALL,14,624,7
3,232,SMALL,14,636,2
3,271,AIDE,23,680,10
3,271,AIDE,23,631,11
3,271,AIDE,23,661,12
3,271,AIDE,23,580,11
3,271,AIDE,23,693,12
3,271,,23,554,12
3,271,AIDE,23,616,4
3,271,AIDE,23,661,8
3,271,AIDE,23,618,8
3,271,AIDE,23,614,9
3,236,,15,604,6
3,236,,15,606,9
3,236,,15,665,10
3,236,SMALL,15,686,11
3,236,SMALL,15,657,9
3,236,,15,657,3
3,236,,15,636,3
3,236,,15,608,5
3,236,SMALL,15,641,5
3,236,,15,686,8
3,236,SMALL,15,675,9
69,329,AIDE,24,641,11
69,329,AIDE,24,675,6
69,329,AIDE,24,,6
69,329,AIDE,24,702,8
69,329,AIDE,24,647,8
69,329,AIDE,24,636,7
69,169,SMALL,17,595,6
69,169,SMALL,17,590,6
69,169,SMALL,17,636,6
69,169,SMALL,17,675,11
69,169,,17,675,2
69,169,SMALL,17,593,6
69,245,SMALL,19,616,9
69,245,,19,631,12
69,245,SMALL,19,602,7
63,113,AIDE,26,,2
63,113,SMALL,26,,3
63,113,AIDE,26,,3
63,113,AIDE,26,,4
63,113,AIDE,26,,4
63,113,AIDE,26,,5
63,113,REGULAR,26,,9
63,113,REGULAR,26,,9
63,113,,26,,5
63,113,AIDE,26,,6
63,113,,26,,5
63,85,AIDE,26,,12
63,85,AIDE,26,,10
63,85,AIDE,26,,10
63,85,AIDE,26,,2
63,85,AIDE,26,,2
63,85,AIDE,26,,4
63,85,AIDE,26,,5
63,85,AIDE,26,,5
63,85,AIDE,26,,6
63,85,AIDE,26,,9
63,85,AIDE,26,,9
63,85,,26,,1
63,91,AIDE,26,,12
63,91,AIDE,26,,2
63,91,AIDE,26,,2
63,91,AIDE,26,,4
63,91,AIDE,26,,7
63,91,AIDE,26,,2
63,63,SMALL,17,,12
63,63,SMALL,17,,12
63,63,SMALL,17,,10
63,63,SMALL,17,,1
63,63,SMALL,17,,2
63,63,SMALL,17,,3
63,63,SMALL,17,,4
63,63,SMALL,17,,4
63,63,SMALL,17,,6
63,63,SMALL,17,,5
63,63,SMALL,17,,8
63,63,,17,,7
63,212,SMALL,16,,10
63,212,,16,,12
63,212,,16,,11
63,212,SMALL,16,,1
63,212,,16,,5
63,212,,16,,7
63,212,SMALL,16,,7
37,257,SMALL,14,,5
37,257,,14,602,10
37,257,,14,,12
37,257,,14,639,2
37,257,,14,575,5
37,257,,14,665,5
37,257,SMALL,14,665,5
37,125,REGULAR,22,599,6
37,125,AIDE,22,657,12
37,125,AIDE,22,624,12
37,125,AIDE,22,641,3
37,125,REGULAR,22,573,4
37,125,REGULAR,22,624,4
37,125,AIDE,22,644,5
37,125,REGULAR,22,641,5
37,125,,22,693,6
37,125,REGULAR,22,661,8
37,125,REGULAR,22,631,9
37,270,AIDE,22,,4
37,270,AIDE,22,602,10
37,270,AIDE,22,593,2
37,270,AIDE,22,657,2
37,270,AIDE,22,644,1
37,270,AIDE,22,639,11
37,270,AIDE,22,728,3
37,270,AIDE,22,639,3
37,270,AIDE,22,693,3
37,270,AIDE,22,647,4
37,270,AIDE,22,641,5
37,270,AIDE,22,702,5
37,270,AIDE,22,624,5
37,270,AIDE,22,647,7
37,270,AIDE,22,639,8
37,270,AIDE,22,616,8
37,270,AIDE,22,650,8
37,270,AIDE,22,578,9
37,270,AIDE,22,661,2
37,130,SMALL,14,616,6
37,130,SMALL,14,633,11
37,130,SMALL,14,670,12
37,130,SMALL,14,665,2
37,130,SMALL,14,702,4
37,130,SMALL,14,686,7
37,130,SMALL,14,644,3
36,138,,22,636,9
36,138,AIDE,22,702,12
36,138,AIDE,22,604,4
36,138,AIDE,22,680,5
36,138,,22,644,6
36,138,,22,624,8
36,138,,22,670,11
36,138,AIDE,22,606,11
36,78,,15,661,8
36,78,SMALL,15,657,12
36,78,SMALL,15,644,1
36,78,SMALL,15,680,8
36,78,SMALL,15,665,4
36,136,AIDE,24,631,9
36,136,AIDE,24,644,8
36,136,AIDE,24,,5
36,136,AIDE,24,641,7
36,284,SMALL,18,618,4
36,284,,18,587,11
36,284,,18,661,2
36,284,SMALL,18,702,3
36,284,SMALL,18,618,4
36,284,,18,624,6
36,284,SMALL,18,622,9
36,44,,16,670,11
36,44,,16,597,2
36,44,SMALL,16,618,6
43,12,AIDE,27,567,3
43,12,AIDE,27,633,11
43,12,AIDE,27,670,1
43,12,AIDE,27,624,1
43,12,AIDE,27,633,3
43,12,AIDE,27,675,5
43,12,AIDE,27,670,7
43,194,REGULAR,27,,11
43,194,REGULAR,27,647,4
43,194,AIDE,27,,8
43,194,AIDE,27,614,9
43,194,AIDE,27,702,5
43,181,AIDE,25,542,10
43,181,REGULAR,25,661,12
43,181,REGULAR,25,,4
43,181,REGULAR,25,582,2
43,181,AIDE,25,680,4
43,254,SMALL,17,629,7
43,254,SMALL,17,612,12
43,254,SMALL,17,665,4
43,254,SMALL,17,693,5
43,254,SMALL,17,702,6
43,254,,17,650,7
43,254,SMALL,17,693,8
43,254,SMALL,17,626,9
43,213,,17,,7
43,213,SMALL,17,665,12
43,213,SMALL,17,600,2
43,213,SMALL,17,680,4
43,213,SMALL,17,583,4
43,213,SMALL,17,636,8
43,213,SMALL,17,587,1
43,213,SMALL,17,606,5
43,213,SMALL,17,610,2
43,213,SMALL,17,555,4
43,150,,17,567,9
43,150,SMALL,17,661,11
43,150,SMALL,17,633,11
43,150,SMALL,17,624,5
43,150,SMALL,17,629,6
43,150,SMALL,17,644,7
43,150,,17,644,7
43,150,,17,665,8
43,150,SMALL,17,633,8
43,150,SMALL,17,702,9
43,150,SMALL,17,644,9
43,150,SMALL,17,595,5
43,18,AIDE,25,,11
43,18,AIDE,25,620,12
43,18,AIDE,25,604,3
43,18,,25,577,4
43,18,AIDE,25,647,7
43,247,AIDE,27,610,11
43,247,,27,670,12
43,247,AIDE,27,670,11
43,247,AIDE,27,650,10
43,247,AIDE,27,629,4
43,247,AIDE,27,624,8
43,244,AIDE,25,661,11
43,244,AIDE,25,604,11
43,244,AIDE,25,602,6
43,244,AIDE,25,657,6
43,244,AIDE,25,680,9
43,244,AIDE,25,595,9
42,331,SMALL,18,588,11
42,331,SMALL,18,552,8
42,42,AIDE,25,713,12
42,42,AIDE,25,675,1
42,42,AIDE,25,570,2
42,42,AIDE,25,620,4
42,42,AIDE,25,624,7
42,42,AIDE,25,624,2
42,185,AIDE,25,647,1
42,185,REGULAR,25,641,2
42,185,REGULAR,25,590,4
42,185,REGULAR,25,626,5
42,152,,17,552,12
42,152,SMALL,17,657,12
42,152,SMALL,17,650,1
42,152,SMALL,17,575,11
42,152,SMALL,17,602,3
42,152,SMALL,17,612,4
42,152,SMALL,17,604,11
35,35,AIDE,25,639,8
35,35,AIDE,25,593,11
35,35,AIDE,25,577,1
35,35,REGULAR,25,585,4
35,35,AIDE,25,580,4
35,199,AIDE,25,597,3
35,199,AIDE,25,670,11
35,199,AIDE,25,573,2
35,199,AIDE,25,612,5
35,199,AIDE,25,595,5
35,199,AIDE,25,606,8
35,199,AIDE,25,604,9
35,199,AIDE,25,578,6
35,219,,18,686,11
35,219,SMALL,18,665,5
35,219,SMALL,18,661,8
35,219,SMALL,18,647,9
35,219,SMALL,18,647,11
35,81,,18,569,11
35,81,SMALL,18,595,2
35,81,,18,577,2
35,81,SMALL,18,602,4
35,81,SMALL,18,600,4
35,81,SMALL,18,582,6
35,81,SMALL,18,647,8
35,81,SMALL,18,602,3
35,81,SMALL,18,,12
34,16,AIDE,27,606,11
34,16,AIDE,27,582,11
34,16,AIDE,27,713,11
34,16,AIDE,27,572,10
34,16,AIDE,27,657,12
34,16,AIDE,27,670,1
34,16,AIDE,27,616,1
34,16,AIDE,27,555,2
34,16,AIDE,27,620,3
34,16,,27,624,6
34,16,AIDE,27,612,7
34,16,,27,641,1
34,16,AIDE,27,602,2
34,16,AIDE,27,639,7
34,109,AIDE,26,604,11
34,109,AIDE,26,654,8
34,109,AIDE,26,639,12
34,109,AIDE,26,670,12
34,109,AIDE,26,633,12
34,109,,26,602,1
34,109,AIDE,26,578,11
34,109,AIDE,26,597,2
34,109,AIDE,26,661,3
34,109,,26,661,6
34,109,AIDE,26,657,7
34,109,AIDE,26,670,6
34,109,AIDE,26,587,12
34,109,,26,670,8
34,105,SMALL,17,633,12
34,105,SMALL,17,702,12
34,105,SMALL,17,618,12
34,105,SMALL,17,670,2
34,105,SMALL,17,753,3
34,105,SMALL,17,665,4
34,105,SMALL,17,661,7
34,105,SMALL,17,587,7
34,105,SMALL,17,686,9
34,105,SMALL,17,650,7
34,106,SMALL,17,680,10
34,106,SMALL,17,626,1
34,106,,17,570,1
34,106,,17,633,5
34,106,SMALL,17,650,4
34,106,,17,618,7
34,106,,17,622,1
34,106,SMALL,17,629,9
11,233,REGULAR,24,,11
11,233,AIDE,24,693,2
11,233,AIDE,24,639,2
11,233,REGULAR,24,631,7
11,233,REGULAR,24,587,9
11,233,AIDE,24,665,2
11,163,AIDE,23,629,8
11,163,REGULAR,23,654,11
11,163,REGULAR,23,631,12
11,163,AIDE,23,,3
11,163,AIDE,23,657,3
11,163,REGULAR,23,636,4
11,163,AIDE,23,578,3
11,163,REGULAR,23,675,3
11,163,REGULAR,23,670,2
11,163,AIDE,23,629,8
11,305,AIDE,24,552,10
11,305,AIDE,24,582,11
11,305,AIDE,24,675,12
11,305,AIDE,24,616,12
11,305,AIDE,24,582,11
11,305,AIDE,24,661,1
11,305,AIDE,24,657,2
11,305,AIDE,24,622,4
11,305,AIDE,24,644,5
11,305,AIDE,24,562,6
11,305,AIDE,24,572,7
11,305,AIDE,24,665,9
11,99,SMALL,15,728,12
11,99,SMALL,15,657,12
11,99,SMALL,15,693,1
11,99,SMALL,15,675,2
11,99,SMALL,15,680,5
11,99,SMALL,15,599,6
11,99,SMALL,15,606,9
11,99,SMALL,15,590,2
24,243,REGULAR,23,570,4
24,243,AIDE,23,644,5
24,243,REGULAR,23,600,8
24,243,REGULAR,23,604,8
24,243,AIDE,23,618,12
24,243,REGULAR,23,670,12
24,243,REGULAR,23,614,9
24,243,AIDE,23,608,6
24,243,AIDE,23,610,2
24,243,AIDE,23,629,6
24,243,AIDE,23,600,1
24,243,REGULAR,23,595,6
24,243,REGULAR,23,713,5
24,60,AIDE,23,680,1
24,60,AIDE,23,636,12
24,60,AIDE,23,583,9
24,60,AIDE,23,631,12
24,60,AIDE,23,610,11
24,60,AIDE,23,629,12
24,60,AIDE,23,575,6
24,60,AIDE,23,665,6
24,155,SMALL,15,670,4
24,155,SMALL,15,612,8
24,155,SMALL,15,631,8
24,155,SMALL,15,590,12
24,155,SMALL,15,661,12
24,155,SMALL,15,661,12
24,155,SMALL,15,606,2
24,155,,15,585,5
24,209,SMALL,15,608,2
24,209,SMALL,15,647,8
24,209,SMALL,15,,8
24,209,SMALL,15,569,12
24,209,SMALL,15,728,4
24,209,SMALL,15,624,5
24,209,SMALL,15,633,6
24,209,SMALL,15,686,3
54,165,AIDE,28,577,11
54,165,AIDE,28,641,4
54,165,AIDE,28,644,3
54,165,AIDE,28,636,4
54,165,,28,639,5
54,165,,28,624,5
54,165,AIDE,28,620,7
54,165,AIDE,28,,6
54,165,AIDE,28,629,9
54,165,AIDE,28,588,9
54,165,AIDE,28,550,9
54,224,SMALL,14,542,3
54,224,SMALL,14,657,10
54,224,SMALL,14,608,2
54,224,SMALL,14,641,2
54,224,SMALL,14,636,1
54,224,,14,641,5
54,224,SMALL,14,661,1
54,224,SMALL,14,604,12
54,224,SMALL,14,636,7
54,224,SMALL,14,654,12
54,318,AIDE,27,616,12
54,318,AIDE,27,549,11
54,318,AIDE,27,661,11
54,318,AIDE,27,647,1
54,318,AIDE,27,670,2
54,318,AIDE,27,616,3
54,318,AIDE,27,616,2
54,318,,27,644,2
54,318,,27,,2
54,318,,27,590,8
54,318,AIDE,27,644,8
54,318,AIDE,27,639,2
54,318,AIDE,27,602,9
54,222,REGULAR,25,604,9
54,222,REGULAR,25,629,1
54,222,REGULAR,25,593,3
54,222,SMALL,25,647,7
54,222,REGULAR,25,661,8
54,222,REGULAR,25,614,8
54,222,AIDE,25,606,8
54,222,REGULAR,25,587,9
54,222,AIDE,25,550,12
54,222,AIDE,25,670,2
45,95,SMALL,16,636,11
45,95,SMALL,16,713,11
45,95,SMALL,16,580,11
45,95,SMALL,16,644,8
45,95,SMALL,16,647,1
45,95,SMALL,16,680,3
45,95,SMALL,16,629,5
45,95,SMALL,16,639,4
45,95,SMALL,16,583,4
45,95,SMALL,16,650,6
45,95,SMALL,16,597,6
45,95,SMALL,16,665,9
45,95,SMALL,16,599,7
45,76,REGULAR,23,636,8
45,76,AIDE,23,639,11
45,76,REGULAR,23,624,11
45,76,AIDE,23,665,2
45,76,REGULAR,23,654,2
45,76,REGULAR,23,602,6
45,76,REGULAR,23,610,6
45,76,AIDE,23,675,7
45,76,AIDE,23,622,5
45,76,AIDE,23,,5
45,76,AIDE,23,657,9
45,323,AIDE,22,,12
45,323,REGULAR,22,606,3
45,323,REGULAR,22,616,3
45,323,AIDE,22,612,4
45,323,AIDE,22,624,5
45,323,AIDE,22,608,6
45,323,REGULAR,22,606,5
45,323,REGULAR,22,602,9
45,84,AIDE,21,580,9
45,84,AIDE,21,631,2
45,84,AIDE,21,616,2
45,84,AIDE,21,657,2
45,84,AIDE,21,612,5
45,84,AIDE,21,654,6
45,84,,21,,8
45,84,AIDE,21,612,2
45,84,AIDE,21,590,1
45,84,AIDE,21,552,3
58,135,REGULAR,22,641,10
58,135,REGULAR,22,608,12
58,135,AIDE,22,644,11
58,135,AIDE,22,597,2
58,135,AIDE,22,562,1
58,135,REGULAR,22,670,2
58,135,AIDE,22,612,2
58,135,AIDE,22,,9
58,135,REGULAR,22,564,9
58,135,AIDE,22,588,2
58,135,REGULAR,22,641,2
58,135,REGULAR,22,606,4
58,135,AIDE,22,612,9
58,255,SMALL,13,665,10
58,255,SMALL,13,,3
58,255,SMALL,13,641,3
58,255,SMALL,13,629,4
58,255,SMALL,13,713,5
58,255,SMALL,13,616,5
58,255,SMALL,13,620,5
58,255,SMALL,13,,9
58,32,AIDE,22,602,11
58,32,AIDE,22,588,2
58,32,AIDE,22,657,3
58,32,,22,575,5
58,32,AIDE,22,602,5
58,32,AIDE,22,622,6
58,32,AIDE,22,633,7
58,32,AIDE,22,629,7
58,32,AIDE,22,587,7
58,32,AIDE,22,583,8
58,32,AIDE,22,622,8
58,32,AIDE,22,587,9
58,32,AIDE,22,585,9
58,32,,22,593,6
58,83,SMALL,13,,8
58,83,SMALL,13,636,11
58,83,SMALL,13,641,4
58,83,SMALL,13,610,4
58,83,SMALL,13,641,5
58,83,,13,,6
58,83,SMALL,13,641,7
58,83,SMALL,13,675,1
58,83,SMALL,13,569,3
13,25,SMALL,16,661,11
13,25,SMALL,16,657,11
13,25,SMALL,16,587,11
13,25,,16,644,12
13,25,SMALL,16,654,12
13,25,SMALL,16,686,1
13,25,SMALL,16,639,3
13,25,SMALL,16,610,4
13,25,SMALL,16,588,4
13,25,SMALL,16,559,4
13,25,SMALL,16,636,6
13,25,SMALL,16,595,7
13,25,SMALL,16,602,9
13,25,SMALL,16,600,9
13,11,,23,,10
13,11,AIDE,23,647,11
13,11,AIDE,23,650,4
13,11,AIDE,23,580,4
13,11,AIDE,23,583,4
13,11,,23,612,7
13,11,AIDE,23,567,9
13,11,,23,639,9
13,11,AIDE,23,633,7
13,11,,23,608,9
13,11,AIDE,23,606,7
13,11,AIDE,23,639,10
13,227,AIDE,24,549,11
13,227,REGULAR,24,624,11
13,227,REGULAR,24,633,2
13,227,AIDE,24,602,4
13,227,REGULAR,24,604,8
13,227,AIDE,24,543,9
13,227,AIDE,24,572,9
13,227,AIDE,24,608,12
13,227,AIDE,24,540,9
18,190,SMALL,16,675,8
18,190,SMALL,16,616,9
18,190,SMALL,16,654,11
18,190,SMALL,16,686,6
18,190,SMALL,16,592,7
18,190,SMALL,16,606,7
18,190,SMALL,16,686,8
18,190,SMALL,16,654,9
18,190,SMALL,16,670,11
18,190,SMALL,16,665,1
18,319,SMALL,15,536,9
18,319,SMALL,15,629,12
18,319,,15,587,12
18,319,SMALL,15,620,1
18,319,SMALL,15,670,2
18,319,,15,592,1
18,319,SMALL,15,,6
18,319,SMALL,15,,8
18,5,AIDE,25,620,7
18,5,AIDE,25,622,9
18,5,AIDE,25,614,11
18,5,AIDE,25,573,11
18,5,AIDE,25,614,2
18,5,AIDE,25,602,2
18,5,AIDE,25,593,3
18,5,AIDE,25,657,2
18,5,AIDE,25,654,5
18,5,AIDE,25,620,6
18,5,AIDE,25,670,6
18,5,AIDE,25,590,8
18,5,AIDE,25,636,1
18,5,AIDE,25,639,3
18,5,AIDE,25,626,11
18,308,SMALL,17,624,11
18,308,,17,612,1
18,308,SMALL,17,650,2
18,308,SMALL,17,588,3
18,308,,17,644,5
18,308,,17,618,6
18,308,SMALL,17,670,7
18,308,SMALL,17,604,7
18,308,,17,588,9
18,308,,17,644,5
18,308,,17,693,10
70,98,SMALL,15,665,11
70,98,SMALL,15,644,11
70,98,SMALL,15,587,12
70,98,SMALL,15,597,12
70,98,SMALL,15,610,2
70,98,,15,592,3
70,98,,15,,5
70,98,,15,608,5
70,98,SMALL,15,641,7
70,98,SMALL,15,633,7
70,98,SMALL,15,636,9
70,98,SMALL,15,602,9
70,8,AIDE,24,597,11
70,8,REGULAR,24,593,12
70,8,AIDE,24,626,2
70,8,REGULAR,24,608,3
70,8,AIDE,24,639,4
70,8,REGULAR,24,564,4
70,8,SMALL,24,577,9
70,8,AIDE,24,647,11
70,8,AIDE,24,626,3
70,280,,15,641,11
70,280,,15,612,2
70,280,SMALL,15,585,2
70,280,SMALL,15,654,6
70,280,SMALL,15,641,9
70,280,SMALL,15,661,6
70,204,AIDE,24,680,11
70,204,AIDE,24,610,12
70,204,AIDE,24,604,1
70,204,AIDE,24,612,2
70,204,AIDE,24,680,2
70,204,AIDE,24,593,3
70,204,,24,602,5
70,204,AIDE,24,614,5
70,204,AIDE,24,620,6
70,204,AIDE,24,610,8
70,204,,24,,3
70,204,AIDE,24,590,11
70,153,SMALL,14,582,2
70,153,SMALL,14,572,3
70,153,SMALL,14,,6
70,153,SMALL,14,597,2
70,153,SMALL,14,641,6
8,229,,14,,5
8,229,SMALL,14,614,9
8,229,SMALL,14,647,11
8,229,,14,624,11
8,229,SMALL,14,713,12
8,229,SMALL,14,587,1
8,229,SMALL,14,616,4
8,229,SMALL,14,641,7
8,229,SMALL,14,622,6
8,31,SMALL,14,629,10
8,31,SMALL,14,713,11
8,31,SMALL,14,614,11
8,31,,14,610,11
8,31,,14,680,11
8,31,SMALL,14,647,11
8,31,SMALL,14,657,12
8,31,SMALL,14,639,1
8,31,,14,622,5
8,31,SMALL,14,626,6
8,31,SMALL,14,592,5
8,31,SMALL,14,650,7
8,31,SMALL,14,608,8
8,67,AIDE,23,606,9
8,67,AIDE,23,657,11
8,67,AIDE,23,583,12
8,67,AIDE,23,661,12
8,67,AIDE,23,650,1
8,67,AIDE,23,616,1
8,67,AIDE,23,631,3
8,67,AIDE,23,644,2
8,67,AIDE,23,600,3
8,67,AIDE,23,610,2
8,67,AIDE,23,661,6
8,67,AIDE,23,597,6
8,67,AIDE,23,639,6
8,67,AIDE,23,654,9
8,67,AIDE,23,608,1
8,67,AIDE,23,593,2
8,118,REGULAR,25,604,11
8,118,REGULAR,25,593,11
8,118,AIDE,25,654,4
8,118,AIDE,25,597,5
8,118,REGULAR,25,590,7
8,118,REGULAR,25,610,8
8,118,REGULAR,25,604,8
8,118,AIDE,25,639,9
8,121,AIDE,23,604,9
8,121,AIDE,23,590,11
8,121,AIDE,23,639,12
8,121,AIDE,23,599,1
8,121,AIDE,23,670,3
8,121,AIDE,23,590,3
8,121,AIDE,23,680,4
8,121,AIDE,23,650,5
8,121,AIDE,23,650,6
8,121,AIDE,23,608,7
8,121,AIDE,23,604,8
8,121,AIDE,23,633,8
8,121,AIDE,23,670,4
8,325,SMALL,14,578,12
8,325,SMALL,14,,5
8,325,,14,597,10
8,325,SMALL,14,636,12
8,325,SMALL,14,629,1
8,325,,14,636,1
8,325,SMALL,14,665,4
8,325,SMALL,14,622,4
8,325,SMALL,14,620,4
8,325,,14,661,9
8,325,SMALL,14,604,7
8,141,AIDE,22,595,9
8,141,AIDE,22,633,11
8,141,REGULAR,22,641,1
8,141,REGULAR,22,665,2
8,141,REGULAR,22,555,3
8,141,AIDE,22,641,4
8,141,AIDE,22,602,4
8,141,AIDE,22,657,4
8,141,AIDE,22,675,6
8,141,AIDE,22,622,7
71,39,AIDE,27,570,4
71,39,REGULAR,27,593,1
71,39,REGULAR,27,577,1
71,39,REGULAR,27,593,1
71,39,REGULAR,27,,9
71,39,REGULAR,27,,2
71,39,REGULAR,27,612,2
71,39,REGULAR,27,583,3
71,39,REGULAR,27,577,3
71,39,REGULAR,27,639,4
71,39,AIDE,27,608,5
71,39,REGULAR,27,670,5
71,39,AIDE,27,593,8
71,39,AIDE,27,595,9
71,110,SMALL,16,587,8
71,110,SMALL,16,650,12
71,110,SMALL,16,657,1
71,110,SMALL,16,654,2
71,110,SMALL,16,629,5
71,110,SMALL,16,670,6
71,110,SMALL,16,585,6
71,110,SMALL,16,588,9
71,110,SMALL,16,670,9
71,3,REGULAR,24,624,8
71,3,AIDE,24,614,1
71,3,AIDE,24,647,11
71,3,REGULAR,24,608,12
71,3,REGULAR,24,650,4
71,3,REGULAR,24,577,4
71,3,AIDE,24,614,7
71,3,REGULAR,24,595,7
71,3,REGULAR,24,618,7
71,3,REGULAR,24,686,8
71,3,REGULAR,24,618,8
71,3,AIDE,24,608,9
71,3,AIDE,24,593,9
71,3,AIDE,24,633,8
71,290,AIDE,24,654,12
71,290,AIDE,24,702,8
71,290,AIDE,24,641,2
71,290,AIDE,24,641,4
71,290,AIDE,24,592,4
71,290,AIDE,24,590,4
71,290,AIDE,24,604,5
71,290,AIDE,24,610,5
71,290,AIDE,24,654,6
71,290,AIDE,24,606,7
71,290,AIDE,24,580,8
71,290,AIDE,24,680,1
71,290,AIDE,24,639,6
71,33,SMALL,16,675,10
71,33,SMALL,16,686,11
71,33,SMALL,16,550,12
71,33,SMALL,16,587,8
71,33,SMALL,16,578,1
71,33,SMALL,16,633,1
71,33,SMALL,16,614,3
71,33,SMALL,16,680,2
71,33,SMALL,16,631,8
65,317,SMALL,15,650,11
65,317,SMALL,15,686,2
65,317,SMALL,15,644,6
65,317,SMALL,15,665,6
65,317,SMALL,15,610,7
65,317,,15,661,5
65,317,SMALL,15,641,8
65,272,REGULAR,22,702,11
65,272,AIDE,22,675,11
65,272,AIDE,22,665,3
65,272,AIDE,22,629,4
65,272,REGULAR,22,661,6
65,272,REGULAR,22,644,6
65,272,AIDE,22,665,8
65,272,AIDE,22,606,1
65,272,REGULAR,22,639,3
65,159,AIDE,23,680,12
65,159,AIDE,23,631,7
65,159,AIDE,23,626,2
65,159,AIDE,23,650,2
65,159,AIDE,23,636,2
65,159,AIDE,23,693,3
65,159,AIDE,23,606,6
65,159,AIDE,23,604,6
65,159,AIDE,23,610,7
65,159,AIDE,23,636,8
65,159,AIDE,23,654,9
65,159,AIDE,23,616,12
65,159,AIDE,23,633,7
65,92,SMALL,14,680,12
65,92,SMALL,14,693,1
65,92,,14,577,5
65,92,SMALL,14,,5
65,92,SMALL,14,626,5
65,92,SMALL,14,631,9
17,274,AIDE,21,665,8
17,274,,21,639,4
17,274,AIDE,21,702,4
17,274,AIDE,21,620,4
17,274,AIDE,21,631,8
17,274,AIDE,21,620,9
17,166,REGULAR,21,557,9
17,166,REGULAR,21,,9
17,166,AIDE,21,606,10
17,166,AIDE,21,661,2
17,166,REGULAR,21,631,3
17,166,AIDE,21,680,7
17,166,AIDE,21,622,8
17,166,AIDE,21,661,3
17,166,AIDE,21,608,8
17,53,SMALL,16,728,12
17,53,,16,680,12
17,53,SMALL,16,713,10
17,53,SMALL,16,606,6
17,53,SMALL,16,612,2
17,55,SMALL,16,580,12
17,55,,16,592,3
17,55,SMALL,16,616,3
17,55,SMALL,16,616,4
17,55,SMALL,16,644,10
14,123,,23,565,12
14,123,AIDE,23,602,1
14,123,AIDE,23,557,2
14,123,AIDE,23,572,9
14,123,AIDE,23,633,7
14,123,AIDE,23,654,3
14,123,AIDE,23,639,6
14,123,AIDE,23,590,12
14,82,REGULAR,22,693,11
14,82,AIDE,22,728,11
14,82,AIDE,22,593,12
14,82,REGULAR,22,570,12
14,82,AIDE,22,650,12
14,82,AIDE,22,,7
14,82,REGULAR,22,629,1
14,82,AIDE,22,641,5
14,82,AIDE,22,616,4
14,82,REGULAR,22,585,5
14,234,SMALL,15,597,2
14,234,SMALL,15,570,6
14,234,SMALL,15,608,4
14,234,SMALL,15,529,7
14,234,SMALL,15,562,8
14,234,SMALL,15,538,8
32,207,AIDE,20,633,8
32,207,AIDE,20,670,3
32,207,AIDE,20,641,5
32,207,REGULAR,20,622,5
32,207,REGULAR,20,612,3
32,207,REGULAR,20,606,10
32,207,SMALL,20,680,10
32,249,AIDE,21,597,8
32,249,AIDE,21,657,10
32,249,AIDE,21,728,11
32,249,AIDE,21,665,4
32,249,AIDE,21,665,9
32,249,AIDE,21,610,2
32,249,AIDE,21,693,4
32,249,AIDE,21,612,12
32,249,AIDE,21,622,3
32,249,AIDE,21,602,11
32,309,SMALL,12,538,10
32,309,SMALL,12,665,11
32,309,SMALL,12,675,12
32,309,SMALL,12,670,2
32,309,SMALL,12,728,1
32,309,SMALL,12,633,5
32,309,SMALL,12,608,2
32,309,SMALL,12,702,5
32,309,SMALL,12,670,5
32,309,SMALL,12,582,11
32,309,SMALL,12,647,11
10,261,AIDE,23,560,8
10,261,,23,,4
10,261,AIDE,23,531,11
10,261,,23,585,4
10,261,AIDE,23,560,6
10,261,AIDE,23,573,8
10,156,AIDE,23,567,11
10,156,AIDE,23,588,3
10,156,AIDE,23,582,6
10,327,SMALL,17,597,11
10,327,SMALL,17,529,7
10,327,SMALL,17,597,2
10,327,SMALL,17,545,4
10,327,SMALL,17,554,11
10,327,SMALL,17,639,5
10,117,SMALL,15,582,11
10,117,SMALL,15,570,1
10,117,SMALL,15,602,3
10,117,,15,639,6
10,117,SMALL,15,636,1
10,117,,15,600,6
10,117,,15,620,9
10,301,AIDE,24,620,2
10,301,REGULAR,24,547,4
10,301,AIDE,24,577,7
10,301,AIDE,24,599,11
16,114,AIDE,24,595,11
16,114,AIDE,24,620,12
16,114,AIDE,24,650,1
16,114,AIDE,24,680,1
16,114,AIDE,24,610,3
16,114,AIDE,24,592,4
16,114,AIDE,24,657,4
16,114,AIDE,24,633,5
16,114,AIDE,24,654,6
16,114,AIDE,24,670,7
16,114,,24,629,7
16,114,AIDE,24,713,7
16,114,AIDE,24,641,8
16,114,AIDE,24,577,9
16,114,AIDE,24,633,9
16,87,REGULAR,25,670,11
16,87,REGULAR,25,686,12
16,87,REGULAR,25,686,12
16,87,REGULAR,25,624,1
16,87,AIDE,25,618,2
16,87,REGULAR,25,693,5
16,171,,16,636,12
16,171,SMALL,16,665,6
16,171,SMALL,16,636,5
16,171,SMALL,16,644,7
16,171,SMALL,16,622,7
16,171,SMALL,16,657,7
16,171,SMALL,16,644,6
16,171,SMALL,16,585,6
16,275,,16,614,7
16,275,SMALL,16,608,11
16,275,SMALL,16,622,11
16,275,SMALL,16,686,2
16,275,SMALL,16,622,3
16,275,SMALL,16,641,4
16,275,SMALL,16,599,7
16,275,SMALL,16,665,1
16,275,SMALL,16,661,9
16,275,SMALL,16,665,1
52,269,AIDE,23,641,11
52,269,REGULAR,23,606,1
52,269,REGULAR,23,608,1
52,269,REGULAR,23,644,2
52,269,AIDE,23,644,2
52,269,AIDE,23,636,3
52,269,AIDE,23,573,4
52,269,REGULAR,23,622,4
52,269,AIDE,23,600,6
52,269,REGULAR,23,680,6
52,269,AIDE,23,612,9
52,269,AIDE,23,650,9
52,269,REGULAR,23,595,3
52,269,AIDE,23,647,11
52,260,AIDE,24,567,1
52,260,AIDE,24,597,1
52,260,AIDE,24,636,2
52,260,AIDE,24,580,2
52,260,AIDE,24,624,3
52,260,AIDE,24,582,3
52,260,AIDE,24,599,4
52,260,AIDE,24,626,6
52,260,AIDE,24,641,7
52,260,AIDE,24,644,7
52,260,AIDE,24,612,7
52,260,AIDE,24,629,9
52,260,AIDE,24,614,8
52,260,AIDE,24,573,6
52,197,SMALL,15,654,11
52,197,SMALL,15,629,11
52,197,SMALL,15,670,1
52,197,SMALL,15,665,3
52,197,SMALL,15,592,4
52,197,SMALL,15,631,6
52,197,SMALL,15,629,6
52,197,SMALL,15,582,6
52,197,,15,680,7
52,197,SMALL,15,661,9
52,197,SMALL,15,702,8
52,197,SMALL,15,588,4
52,197,SMALL,15,680,7
64,151,AIDE,23,610,12
64,151,AIDE,23,686,12
64,151,AIDE,23,616,2
64,151,AIDE,23,602,2
64,151,AIDE,23,,2
64,151,AIDE,23,633,2
64,151,AIDE,23,622,9
64,151,AIDE,23,629,3
64,151,AIDE,23,616,5
64,151,AIDE,23,631,6
64,151,AIDE,23,608,8
64,151,AIDE,23,639,7
64,151,AIDE,23,675,5
64,151,AIDE,23,620,4
64,126,AIDE,22,644,9
64,126,AIDE,22,665,11
64,126,AIDE,22,639,2
64,126,AIDE,22,606,4
64,126,AIDE,22,631,5
64,126,AIDE,22,661,7
64,126,AIDE,22,661,8
64,126,AIDE,22,675,1
64,126,AIDE,22,608,2
64,126,AIDE,22,608,3
64,142,REGULAR,23,,11
64,142,AIDE,23,,5
64,142,REGULAR,23,,7
64,142,AIDE,23,,9
64,142,AIDE,23,,4
64,142,REGULAR,23,,1
64,168,SMALL,16,529,2
64,168,SMALL,16,633,12
64,168,SMALL,16,654,2
64,168,,16,686,6
64,168,SMALL,16,657,8
64,168,SMALL,16,644,8
64,168,SMALL,16,657,9
64,168,,16,641,9
64,208,SMALL,15,665,8
64,208,,15,622,9
64,208,SMALL,15,665,11
64,208,,15,647,2
64,208,SMALL,15,680,3
64,208,SMALL,15,641,2
64,208,SMALL,15,693,5
64,208,SMALL,15,728,8
64,208,SMALL,15,650,11
64,310,SMALL,16,702,12
64,310,,16,631,2
64,310,SMALL,16,728,2
64,310,SMALL,16,728,4
64,310,,16,654,6
64,310,SMALL,16,654,7
64,310,SMALL,16,614,8
64,310,SMALL,16,670,12
64,310,SMALL,16,650,7
64,241,AIDE,24,670,1
64,241,REGULAR,24,631,2
64,241,AIDE,24,661,2
64,241,REGULAR,24,616,7
64,241,AIDE,24,675,7
64,241,REGULAR,24,686,7
64,241,REGULAR,24,647,9
64,241,AIDE,24,680,7
64,241,AIDE,24,680,2
44,320,AIDE,24,572,11
44,320,AIDE,24,680,11
44,320,AIDE,24,644,11
44,320,AIDE,24,620,12
44,320,AIDE,24,554,3
44,320,AIDE,24,633,4
44,320,AIDE,24,575,4
44,320,,24,583,6
44,320,AIDE,24,527,8
44,320,AIDE,24,565,1
44,326,,15,612,10
44,326,SMALL,15,608,12
44,326,SMALL,15,661,1
44,326,,15,654,5
44,326,SMALL,15,599,1
44,326,,15,565,3
44,326,SMALL,15,661,6
44,326,SMALL,15,595,6
44,326,SMALL,15,622,8
44,326,SMALL,15,585,1
44,326,SMALL,15,644,9
44,326,SMALL,15,592,2
44,326,SMALL,15,670,11
44,313,AIDE,23,616,12
44,313,AIDE,23,554,12
44,313,AIDE,23,661,2
44,313,AIDE,23,639,2
44,313,AIDE,23,680,4
44,313,AIDE,23,639,5
44,313,AIDE,23,624,5
44,313,AIDE,23,644,6
44,313,AIDE,23,599,6
44,313,REGULAR,23,644,9
44,313,REGULAR,23,614,7
44,40,AIDE,26,620,11
44,40,AIDE,26,626,12
44,40,AIDE,26,650,3
44,40,AIDE,26,525,4
44,40,AIDE,26,593,3
44,40,AIDE,26,631,8
44,40,AIDE,26,616,8
44,40,AIDE,26,599,2
44,40,AIDE,26,626,5
44,40,AIDE,26,588,3
44,206,,14,552,8
44,206,SMALL,14,,10
44,206,SMALL,14,587,11
44,206,,14,675,12
44,206,SMALL,14,631,4
44,206,,14,554,2
44,206,SMALL,14,562,7
6,259,AIDE,22,,1
6,259,AIDE,22,654,9
6,259,AIDE,22,606,9
6,259,AIDE,22,575,10
6,259,AIDE,22,686,12
6,259,AIDE,22,597,1
6,259,AIDE,22,631,3
6,259,AIDE,22,670,3
6,259,AIDE,22,665,4
6,259,AIDE,22,661,4
6,259,AIDE,22,565,4
6,259,AIDE,22,657,4
6,259,AIDE,22,,4
6,259,AIDE,22,588,6
6,259,AIDE,22,,6
6,259,,22,,7
6,259,AIDE,22,,7
6,259,,22,575,1
6,215,AIDE,21,604,5
6,215,AIDE,21,608,7
6,215,AIDE,21,580,9
6,215,AIDE,21,657,11
6,215,AIDE,21,636,11
6,215,AIDE,21,670,10
6,215,AIDE,21,631,12
6,215,AIDE,21,582,1
6,215,AIDE,21,654,2
6,215,AIDE,21,626,3
6,215,AIDE,21,597,4
6,215,AIDE,21,641,6
6,215,AIDE,21,636,6
6,215,AIDE,21,680,8
6,215,AIDE,21,629,9
6,215,AIDE,21,753,10
6,145,SMALL,15,547,5
6,145,SMALL,15,,9
6,145,SMALL,15,600,11
6,145,SMALL,15,554,4
6,145,SMALL,15,620,7
6,145,SMALL,15,661,8
6,145,SMALL,15,577,1
6,145,,15,680,7
6,230,REGULAR,21,585,9
6,230,AIDE,21,644,9
6,230,REGULAR,21,629,11
6,230,REGULAR,21,647,11
6,230,AIDE,21,636,12
6,230,AIDE,21,620,3
6,230,AIDE,21,592,4
6,230,REGULAR,21,639,5
6,230,REGULAR,21,675,6
6,230,AIDE,21,702,6
6,230,REGULAR,21,641,7
6,230,REGULAR,21,597,9
6,230,AIDE,21,631,9
6,230,AIDE,21,647,6
6,77,AIDE,21,,12
6,77,REGULAR,21,654,8
6,77,AIDE,21,686,12
6,77,REGULAR,21,650,2
6,77,AIDE,21,573,5
6,77,AIDE,21,606,5
6,77,AIDE,21,670,6
6,77,REGULAR,21,612,7
6,77,AIDE,21,650,7
6,77,AIDE,21,680,7
6,77,REGULAR,21,647,7
6,77,REGULAR,21,686,8
6,77,AIDE,21,686,8
6,77,AIDE,21,599,9
6,77,REGULAR,21,585,1
6,104,SMALL,15,622,11
6,104,SMALL,15,608,11
6,104,SMALL,15,614,12
6,104,SMALL,15,644,1
6,104,SMALL,15,661,3
6,104,SMALL,15,593,5
6,104,SMALL,15,631,6
6,104,SMALL,15,629,7
6,104,SMALL,15,641,8
6,104,,15,602,8
6,104,SMALL,15,612,7
6,104,SMALL,15,650,1
6,104,SMALL,15,641,4
33,19,REGULAR,25,538,4
33,19,REGULAR,25,680,11
33,19,REGULAR,25,657,12
33,19,AIDE,25,680,6
33,19,REGULAR,25,620,1
33,19,AIDE,25,753,2
33,19,REGULAR,25,592,5
33,19,AIDE,25,597,7
33,278,SMALL,15,606,12
33,278,SMALL,15,622,11
33,278,SMALL,15,,11
33,278,SMALL,15,592,1
33,278,SMALL,15,620,1
33,278,SMALL,15,608,2
33,278,SMALL,15,647,3
33,278,SMALL,15,608,4
33,278,SMALL,15,592,6
33,278,SMALL,15,595,8
33,278,SMALL,15,629,9
33,278,SMALL,15,616,10
33,297,SMALL,17,620,8
33,297,SMALL,17,639,11
33,297,SMALL,17,580,12
33,297,SMALL,17,626,11
33,297,SMALL,17,626,11
33,297,,17,641,9
33,297,SMALL,17,547,1
33,297,SMALL,17,622,2
33,297,SMALL,17,647,5
33,297,SMALL,17,614,8
33,297,SMALL,17,647,5
33,297,SMALL,17,,6
33,297,SMALL,17,636,6
33,246,AIDE,26,614,9
33,246,AIDE,26,578,9
33,246,AIDE,26,680,11
33,246,AIDE,26,608,12
33,246,AIDE,26,608,1
33,246,AIDE,26,636,2
33,246,AIDE,26,620,2
33,246,AIDE,26,629,2
33,246,AIDE,26,693,3
33,246,AIDE,26,624,5
33,246,AIDE,26,614,6
33,246,AIDE,26,650,7
33,246,AIDE,26,670,9
33,93,AIDE,27,600,11
33,93,AIDE,27,595,11
33,93,AIDE,27,622,12
33,93,AIDE,27,557,12
33,93,AIDE,27,,1
33,93,AIDE,27,661,5
33,93,AIDE,27,650,5
33,93,AIDE,27,602,9
33,93,AIDE,27,604,11
33,93,AIDE,27,604,6
33,131,REGULAR,25,575,5
33,131,AIDE,25,606,12
33,131,AIDE,25,661,10
33,131,AIDE,25,675,11
33,131,REGULAR,25,670,11
33,131,REGULAR,25,633,12
33,131,AIDE,25,624,11
33,131,REGULAR,25,657,1
33,131,REGULAR,25,654,1
33,131,REGULAR,25,590,5
33,131,AIDE,25,641,5
33,131,AIDE,25,620,5
33,131,REGULAR,25,612,9
74,288,AIDE,26,636,9
74,288,REGULAR,26,616,12
74,288,REGULAR,26,631,2
74,288,REGULAR,26,647,5
74,288,AIDE,26,593,2
74,288,AIDE,26,644,5
74,288,REGULAR,26,582,9
74,288,REGULAR,26,631,12
74,288,REGULAR,26,633,8
74,288,REGULAR,26,587,1
74,288,REGULAR,26,657,3
74,4,SMALL,14,624,9
74,4,SMALL,14,639,12
74,4,SMALL,14,,8
74,4,SMALL,14,557,2
74,4,SMALL,14,647,2
74,4,SMALL,14,608,3
74,4,SMALL,14,600,1
74,4,SMALL,14,580,1
74,239,SMALL,15,713,6
74,239,SMALL,15,670,12
74,239,SMALL,15,675,12
74,239,SMALL,15,650,4
74,239,SMALL,15,633,1
74,239,SMALL,15,626,2
74,239,SMALL,15,644,7
74,239,SMALL,15,582,7
74,239,SMALL,15,639,8
74,239,SMALL,15,,8
74,239,SMALL,15,657,7
74,239,SMALL,15,675,11
74,239,SMALL,15,641,5
74,191,AIDE,24,675,4
74,191,AIDE,24,665,10
74,191,,24,588,10
74,191,AIDE,24,629,1
74,191,AIDE,24,618,3
74,191,AIDE,24,622,4
74,191,AIDE,24,592,6
74,191,AIDE,24,670,7
74,191,AIDE,24,647,4
74,191,AIDE,24,616,2
27,127,SMALL,17,575,12
27,127,SMALL,17,650,12
27,127,SMALL,17,622,4
27,127,SMALL,17,624,4
27,127,SMALL,17,624,5
27,127,SMALL,17,629,5
27,127,SMALL,17,636,5
27,127,SMALL,17,593,5
27,127,SMALL,17,595,6
27,265,AIDE,24,573,8
27,265,AIDE,24,680,11
27,265,AIDE,24,641,9
27,265,AIDE,24,693,12
27,265,AIDE,24,618,12
27,265,,24,582,1
27,265,AIDE,24,588,5
27,265,AIDE,24,602,6
27,265,AIDE,24,633,8
27,265,AIDE,24,588,9
27,265,AIDE,24,641,4
27,265,AIDE,24,639,3
27,73,SMALL,15,675,11
27,73,,15,665,1
27,73,SMALL,15,633,3
27,73,SMALL,15,573,4
27,73,SMALL,15,636,8
27,73,SMALL,15,636,9
27,73,SMALL,15,569,9
27,73,SMALL,15,550,1
27,240,,24,,10
27,240,AIDE,24,600,11
27,240,AIDE,24,626,5
27,240,AIDE,24,616,5
27,240,AIDE,24,624,8
27,240,AIDE,24,622,5
27,240,AIDE,24,680,1
27,240,AIDE,24,593,2
27,240,AIDE,24,647,2
27,154,AIDE,26,570,9
27,154,AIDE,26,675,11
27,154,REGULAR,26,680,12
27,154,AIDE,26,585,1
27,154,AIDE,26,620,1
27,154,REGULAR,26,618,1
27,154,REGULAR,26,629,1
27,154,REGULAR,26,631,2
27,154,REGULAR,26,661,3
27,154,REGULAR,26,578,4
27,154,AIDE,26,675,4
31,102,SMALL,13,592,8
31,102,SMALL,13,602,10
31,102,SMALL,13,610,10
31,102,SMALL,13,636,12
31,102,SMALL,13,626,2
31,102,SMALL,13,626,3
31,102,SMALL,13,647,4
31,102,SMALL,13,616,1
31,102,SMALL,13,686,12
31,140,AIDE,21,620,9
31,140,REGULAR,21,,11
31,140,REGULAR,21,650,11
31,140,AIDE,21,597,11
31,140,REGULAR,21,641,1
31,140,REGULAR,21,577,2
31,140,AIDE,21,636,4
31,140,AIDE,21,599,3
31,140,REGULAR,21,600,4
31,140,REGULAR,21,,6
31,140,AIDE,21,618,7
31,140,AIDE,21,572,7
31,140,AIDE,21,639,8
31,306,SMALL,14,577,5
31,306,SMALL,14,599,12
31,306,SMALL,14,,3
31,306,SMALL,14,602,3
31,306,SMALL,14,657,5
31,306,SMALL,14,644,5
31,306,SMALL,14,633,7
31,112,AIDE,22,582,7
31,112,AIDE,22,629,10
31,112,AIDE,22,686,12
31,112,AIDE,22,608,1
31,112,AIDE,22,631,2
31,112,AIDE,22,670,3
31,112,AIDE,22,595,4
31,112,AIDE,22,614,4
31,112,AIDE,22,665,4
31,112,AIDE,22,620,5
31,112,AIDE,22,618,5
31,112,AIDE,22,639,8
31,112,AIDE,22,624,9
56,46,AIDE,25,569,10
56,46,AIDE,25,670,11
56,46,AIDE,25,588,12
56,46,AIDE,25,622,11
56,46,AIDE,25,588,12
56,46,AIDE,25,575,2
56,46,AIDE,25,633,1
56,46,AIDE,25,633,4
56,46,AIDE,25,559,9
56,46,AIDE,25,608,8
56,72,SMALL,17,595,12
56,72,SMALL,17,670,12
56,72,SMALL,17,650,4
56,72,SMALL,17,686,4
56,72,SMALL,17,599,7
56,72,SMALL,17,590,6
56,72,SMALL,17,559,8
56,72,SMALL,17,604,7
56,72,SMALL,17,602,7
56,72,SMALL,17,592,9
56,72,,17,614,2
56,72,,17,620,7
56,184,SMALL,18,592,5
56,184,SMALL,18,650,7
56,184,SMALL,18,622,6
56,184,SMALL,18,647,8
56,184,SMALL,18,616,8
56,184,SMALL,18,612,3
56,184,SMALL,18,597,4
56,184,,18,616,6
56,184,,18,,3
56,253,AIDE,24,657,4
56,253,REGULAR,24,604,7
56,253,REGULAR,24,554,2
56,253,AIDE,24,606,3
56,253,REGULAR,24,631,2
56,253,AIDE,24,602,1
56,253,AIDE,24,620,4
56,253,REGULAR,24,564,3
56,253,AIDE,24,612,6
56,253,REGULAR,24,575,5
56,253,REGULAR,24,670,7
56,253,AIDE,24,614,7
56,253,REGULAR,24,606,9
56,253,AIDE,24,644,7
56,253,AIDE,24,618,2
73,296,SMALL,15,713,5
73,296,SMALL,15,654,11
73,296,SMALL,15,693,12
73,296,SMALL,15,661,2
73,296,SMALL,15,693,7
73,296,SMALL,15,618,7
73,296,SMALL,15,693,9
73,296,SMALL,15,626,1
73,296,SMALL,15,593,3
73,296,SMALL,15,670,7
73,296,SMALL,15,650,10
73,296,SMALL,15,686,8
73,94,REGULAR,22,641,8
73,94,SMALL,22,626,9
73,94,SMALL,22,675,10
73,94,REGULAR,22,665,10
73,94,AIDE,22,693,11
73,94,REGULAR,22,622,11
73,94,AIDE,22,618,11
73,94,AIDE,22,657,1
73,94,AIDE,22,636,1
73,94,SMALL,22,702,1
73,94,REGULAR,22,647,4
73,94,AIDE,22,639,7
73,94,AIDE,22,702,11
73,251,,25,555,4
73,251,,25,693,5
73,251,AIDE,25,650,10
73,251,,25,600,10
73,251,AIDE,25,631,10
73,251,AIDE,25,629,10
73,251,,25,657,4
73,251,AIDE,25,661,6
73,251,AIDE,25,633,9
73,251,AIDE,25,631,9
73,251,AIDE,25,636,10
73,251,AIDE,25,686,3
73,251,AIDE,25,622,2
73,251,AIDE,25,654,2
73,251,,25,633,3
73,251,AIDE,25,728,4
73,30,AIDE,23,654,7
73,30,AIDE,23,633,11
73,30,AIDE,23,606,10
73,30,AIDE,23,610,12
73,30,AIDE,23,604,1
73,30,AIDE,23,675,2
73,30,AIDE,23,610,1
73,30,AIDE,23,644,11
73,30,,23,654,11
22,205,REGULAR,27,675,11
22,205,AIDE,27,588,12
22,205,REGULAR,27,622,1
22,205,AIDE,27,600,2
22,205,AIDE,27,531,2
22,205,AIDE,27,622,3
22,205,REGULAR,27,590,4
22,205,REGULAR,27,629,4
22,205,REGULAR,27,527,8
22,205,AIDE,27,631,1
22,205,REGULAR,27,636,8
22,205,REGULAR,27,604,3
22,311,AIDE,27,612,11
22,311,,27,597,10
22,311,AIDE,27,582,1
22,311,AIDE,27,626,2
22,311,AIDE,27,610,2
22,311,AIDE,27,580,3
22,311,AIDE,27,612,4
22,311,AIDE,27,606,4
22,311,AIDE,27,626,6
22,311,AIDE,27,616,6
22,311,AIDE,27,,6
22,311,AIDE,27,633,7
22,311,AIDE,27,680,8
22,311,AIDE,27,636,12
22,311,AIDE,27,636,4
22,17,SMALL,17,614,12
22,17,SMALL,17,702,12
22,17,SMALL,17,600,12
22,17,SMALL,17,616,4
22,17,SMALL,17,588,4
22,17,SMALL,17,573,5
22,17,SMALL,17,600,5
22,17,SMALL,17,644,7
22,17,SMALL,17,604,8
22,17,SMALL,17,629,8
22,17,SMALL,17,639,9
22,17,SMALL,17,644,9
22,17,SMALL,17,650,11
49,179,AIDE,21,650,1
49,179,REGULAR,21,686,1
49,179,AIDE,21,614,2
49,179,AIDE,21,665,5
49,179,REGULAR,21,622,9
49,179,REGULAR,21,650,11
49,179,AIDE,21,641,11
49,179,REGULAR,21,602,1
49,120,AIDE,22,,11
49,120,AIDE,22,629,11
49,120,AIDE,22,641,12
49,120,AIDE,22,650,2
49,120,AIDE,22,636,4
49,120,AIDE,22,670,4
49,120,AIDE,22,665,6
49,120,AIDE,22,693,7
49,120,AIDE,22,680,8
49,120,AIDE,22,629,8
49,120,AIDE,22,641,8
49,120,AIDE,22,728,8
49,120,AIDE,22,702,9
49,120,AIDE,22,641,1
49,120,AIDE,22,650,6
49,120,AIDE,22,610,3
49,66,REGULAR,21,,9
49,66,REGULAR,21,,10
49,66,AIDE,21,,1
49,66,REGULAR,21,,3
49,66,AIDE,21,,3
49,1,SMALL,13,665,1
49,1,SMALL,13,600,11
49,1,SMALL,13,670,3
49,1,SMALL,13,665,4
49,1,SMALL,13,629,5
49,1,SMALL,13,639,5
49,1,SMALL,13,641,7
49,1,SMALL,13,680,6
49,1,SMALL,13,661,8
49,1,SMALL,13,650,2
49,1,SMALL,13,670,12
40,97,SMALL,17,590,12
40,97,SMALL,17,633,3
40,97,SMALL,17,612,4
40,97,SMALL,17,713,7
40,97,SMALL,17,583,8
40,97,SMALL,17,564,6
40,97,SMALL,17,,9
40,97,SMALL,17,608,12
40,86,AIDE,25,,10
40,86,AIDE,25,702,7
40,86,AIDE,25,629,2
40,86,,25,590,3
40,86,AIDE,25,606,3
40,86,AIDE,25,647,5
40,86,AIDE,25,693,9
40,86,AIDE,25,644,3
40,69,AIDE,25,728,11
40,69,AIDE,25,614,3
40,69,,25,636,2
40,69,AIDE,25,626,2
40,69,AIDE,25,600,2
40,69,,25,702,6
40,69,AIDE,25,614,6
40,69,AIDE,25,633,8
40,69,AIDE,25,647,7
40,69,AIDE,25,641,4
40,69,AIDE,25,639,11
40,316,SMALL,16,593,6
40,316,SMALL,16,680,11
40,316,SMALL,16,600,12
40,316,SMALL,16,644,12
40,316,SMALL,16,686,1
40,316,SMALL,16,665,4
40,316,SMALL,16,665,8
40,316,SMALL,16,647,7
40,316,SMALL,16,680,8
40,316,SMALL,16,641,1
40,23,REGULAR,25,545,2
40,23,REGULAR,25,618,11
40,23,AIDE,25,624,10
40,23,AIDE,25,639,3
40,23,REGULAR,25,641,2
40,23,REGULAR,25,614,3
40,23,AIDE,25,597,3
40,23,REGULAR,25,588,4
40,23,REGULAR,25,,7
40,23,REGULAR,25,641,7
40,23,AIDE,25,602,6
40,23,AIDE,25,610,9
40,23,REGULAR,25,,4
39,147,,29,567,11
39,147,AIDE,29,577,12
39,147,AIDE,29,620,1
39,147,AIDE,29,575,3
39,147,AIDE,29,670,4
39,147,AIDE,29,588,8
39,147,,29,564,3
39,147,AIDE,29,570,3
39,315,SMALL,19,631,12
39,315,SMALL,19,,8
39,315,SMALL,19,644,4
39,315,SMALL,19,624,8
39,315,SMALL,19,572,2
39,315,SMALL,19,641,10
39,315,,19,608,2
39,315,SMALL,19,620,5
39,88,AIDE,26,572,11
39,88,AIDE,26,570,11
39,88,AIDE,26,599,11
39,88,AIDE,26,578,11
39,88,AIDE,26,564,2
39,88,AIDE,26,618,9
39,88,AIDE,26,622,3
39,88,AIDE,26,555,1
39,88,AIDE,26,593,9
39,88,AIDE,26,600,6
39,88,AIDE,26,577,4
39,188,SMALL,17,552,11
39,188,SMALL,17,614,12
39,188,SMALL,17,578,11
39,188,SMALL,17,570,1
39,188,,17,555,6
39,188,,17,597,7
39,188,SMALL,17,,9
39,188,,17,569,7
39,220,AIDE,29,654,11
39,220,REGULAR,29,629,12
39,220,AIDE,29,622,1
39,220,AIDE,29,657,1
39,220,AIDE,29,582,4
39,220,AIDE,29,654,6
39,220,AIDE,29,602,7
39,220,AIDE,29,575,4
39,220,REGULAR,29,661,2
39,220,REGULAR,29,,8
39,220,AIDE,29,661,9
39,220,AIDE,29,606,9
39,220,AIDE,29,647,9
39,220,AIDE,29,620,6
68,49,AIDE,22,562,3
68,49,AIDE,22,633,11
68,49,AIDE,22,562,12
68,49,AIDE,22,559,1
68,49,,22,600,7
68,49,AIDE,22,647,1
68,49,AIDE,22,606,4
68,129,REGULAR,24,545,8
68,129,AIDE,24,562,1
68,129,AIDE,24,572,1
68,129,AIDE,24,559,9
68,74,AIDE,22,641,12
68,74,AIDE,22,578,11
68,74,AIDE,22,631,11
68,74,AIDE,22,570,7
68,74,AIDE,22,580,4
68,74,AIDE,22,587,6
68,116,SMALL,17,661,1
68,116,,17,597,2
68,116,,17,636,4
68,116,SMALL,17,654,4
68,116,SMALL,17,622,6
68,116,SMALL,17,585,9
68,116,SMALL,17,585,9
68,116,SMALL,17,578,7
68,27,AIDE,22,588,11
68,27,SMALL,22,595,12
68,27,REGULAR,22,595,5
68,27,REGULAR,22,592,9
68,27,AIDE,22,614,5
68,27,AIDE,22,590,5
68,27,REGULAR,22,570,7
68,27,AIDE,22,572,5
68,27,AIDE,22,608,1
68,210,SMALL,17,600,11
68,210,SMALL,17,569,1
68,210,SMALL,17,593,6
68,210,,17,543,7
68,210,SMALL,17,597,9
2,302,,16,599,4
2,302,AIDE,16,595,12
2,203,AIDE,19,629,4
2,203,AIDE,19,654,2
2,203,,19,602,9
2,203,AIDE,19,644,3
2,203,AIDE,19,616,5
2,203,AIDE,19,647,8
2,226,,20,597,7
2,226,AIDE,20,604,7
2,226,AIDE,20,610,8
2,226,REGULAR,20,606,2
2,226,AIDE,20,626,8
2,226,AIDE,20,610,3
2,226,AIDE,20,570,6
2,226,REGULAR,20,612,6
2,96,,13,587,11
2,96,SMALL,13,661,2
2,96,SMALL,13,654,8
2,96,SMALL,13,588,4
2,96,SMALL,13,680,7
2,96,SMALL,13,680,9
2,96,SMALL,13,654,10
2,96,SMALL,13,620,9
2,96,SMALL,13,626,9
2,119,SMALL,13,647,12
2,119,SMALL,13,693,2
2,119,SMALL,13,604,3
2,119,SMALL,13,618,9
2,119,SMALL,13,647,3
2,119,SMALL,13,624,11
2,119,SMALL,13,614,11
2,119,SMALL,13,647,4
2,119,SMALL,13,661,5
2,119,SMALL,13,610,6
2,170,AIDE,21,554,12
2,170,AIDE,21,,4
2,170,AIDE,21,,10
2,170,AIDE,21,606,7
2,170,,21,713,1
2,170,AIDE,21,555,6
2,170,AIDE,21,572,1
29,286,AIDE,28,578,5
29,286,AIDE,28,680,1
29,286,AIDE,28,647,2
29,286,AIDE,28,587,2
29,286,AIDE,28,612,3
29,286,AIDE,28,604,6
29,286,AIDE,28,657,2
29,286,,28,631,7
29,286,AIDE,28,578,8
29,286,AIDE,28,559,5
29,286,AIDE,28,616,6
29,286,,28,618,7
29,286,,28,636,9
29,286,AIDE,28,675,2
29,314,,28,644,11
29,314,,28,629,1
29,314,,28,608,6
29,314,AIDE,28,610,8
29,314,,28,564,8
29,314,AIDE,28,647,2
29,314,AIDE,28,610,2
29,20,,16,580,11
29,20,SMALL,16,,12
29,20,,16,577,3
29,20,,16,597,3
29,20,SMALL,16,562,7
29,20,,16,595,1
29,20,SMALL,16,622,4
29,299,AIDE,29,631,12
29,299,REGULAR,29,629,2
29,299,AIDE,29,618,2
29,299,AIDE,29,604,3
29,299,AIDE,29,610,1
29,299,AIDE,29,661,3
29,299,REGULAR,29,633,6
29,299,AIDE,29,590,6
29,299,REGULAR,29,587,5
29,299,REGULAR,29,590,7
29,299,REGULAR,29,597,7
29,299,AIDE,29,641,7
29,299,REGULAR,29,636,9
29,299,AIDE,29,610,9
29,299,AIDE,29,665,3
29,299,AIDE,29,610,4
29,299,AIDE,29,585,5
29,299,REGULAR,29,559,5
29,299,REGULAR,29,573,4
29,158,SMALL,15,675,12
29,158,SMALL,15,599,3
29,158,SMALL,15,670,3
29,158,SMALL,15,636,7
29,158,SMALL,15,641,6
29,158,SMALL,15,593,7
29,158,SMALL,15,616,8
29,158,SMALL,15,644,2
47,221,SMALL,17,592,3
47,221,SMALL,17,572,11
47,221,SMALL,17,639,5
47,221,SMALL,17,545,2
47,221,SMALL,17,567,8
47,221,,17,612,3
47,221,SMALL,17,600,5
47,221,,17,570,5
47,221,,17,565,4
47,221,SMALL,17,570,7
47,262,,26,599,9
47,162,REGULAR,25,612,12
47,162,REGULAR,25,602,12
47,162,AIDE,25,,1
47,162,AIDE,25,572,1
47,162,,25,573,3
47,162,REGULAR,25,549,5
47,162,AIDE,25,654,9
47,162,REGULAR,25,608,8
47,162,REGULAR,25,604,1
47,162,REGULAR,25,593,5
7,22,,26,588,11
7,22,AIDE,26,665,12
7,22,AIDE,26,614,6
7,22,AIDE,26,564,7
7,22,AIDE,26,578,9
7,22,AIDE,26,550,5
7,22,,26,602,4
7,22,,26,588,9
7,134,SMALL,16,614,1
7,134,SMALL,16,577,8
7,134,,16,578,9
7,134,SMALL,16,665,8
7,134,SMALL,16,588,1
7,134,,16,580,4
7,134,SMALL,16,620,4
7,134,SMALL,16,639,5
7,134,SMALL,16,600,11
7,134,SMALL,16,588,7
7,139,REGULAR,23,622,1
7,139,REGULAR,23,585,6
7,139,AIDE,23,545,8
7,139,AIDE,23,620,1
41,294,,16,585,1
41,294,,16,680,4
41,294,SMALL,16,560,5
41,294,,16,543,7
41,294,,16,629,9
41,294,,16,608,9
41,217,AIDE,25,595,9
41,217,,25,629,7
41,172,AIDE,26,600,12
41,172,AIDE,26,633,4
41,285,AIDE,24,,2
41,285,AIDE,24,624,4
41,285,AIDE,24,593,2
62,160,AIDE,25,624,12
62,160,AIDE,25,577,1
62,160,,25,580,6
62,304,SMALL,16,670,11
62,304,SMALL,16,626,11
62,304,SMALL,16,,3
62,304,,16,675,8
62,304,SMALL,16,713,3
62,304,SMALL,16,,9
62,304,SMALL,16,633,11
62,304,SMALL,16,680,11
62,304,SMALL,16,622,1
62,250,AIDE,23,614,2
48,242,AIDE,22,616,1
48,242,AIDE,22,644,5
48,242,AIDE,22,567,9
48,242,AIDE,22,604,5
48,242,AIDE,22,592,7
48,146,,21,665,11
48,146,,21,588,12
48,146,,21,600,1
48,146,,21,624,1
48,146,AIDE,21,540,8
48,146,,21,595,5
48,146,AIDE,21,600,8
48,146,,21,578,7
48,146,,21,620,3
48,146,,21,577,5
48,178,AIDE,23,583,6
48,178,,23,562,1
48,178,AIDE,23,590,1
48,178,AIDE,23,622,9
48,178,AIDE,23,647,1
48,178,AIDE,23,614,8
48,211,SMALL,15,650,11
48,211,SMALL,15,629,1
48,211,SMALL,15,620,2
48,211,,15,592,3
48,211,SMALL,15,624,7
48,211,SMALL,15,693,5
48,211,SMALL,15,614,12
48,292,SMALL,13,631,2
48,292,SMALL,13,639,4
48,292,,13,616,7
48,292,,13,639,7
48,292,SMALL,13,633,4
48,214,AIDE,22,,11
48,214,AIDE,22,578,1
48,214,AIDE,22,560,6
48,214,AIDE,22,547,8
48,214,AIDE,22,636,3
48,214,,22,612,3
48,214,AIDE,22,604,2
48,214,AIDE,22,552,8
48,214,,22,599,4
48,216,SMALL,13,626,11
48,216,SMALL,13,597,8
48,216,,13,550,1
48,216,SMALL,13,557,7
26,137,AIDE,22,631,12
26,137,AIDE,22,604,2
26,137,AIDE,22,612,7
26,137,AIDE,22,600,5
26,183,SMALL,14,599,12
26,183,SMALL,14,728,1
26,183,SMALL,14,686,1
26,237,,14,654,6
26,237,,14,657,6
28,258,AIDE,20,588,9
28,258,REGULAR,20,585,1
28,258,AIDE,20,,5
28,258,AIDE,20,602,4
28,258,AIDE,20,575,7
28,258,REGULAR,20,629,9
28,65,AIDE,22,592,11
28,65,,22,592,7
28,65,AIDE,22,622,7
28,65,,22,597,3
28,65,,22,626,12
28,65,AIDE,22,570,3
28,295,SMALL,12,639,12
28,295,SMALL,12,573,10
28,295,SMALL,12,600,1
28,295,SMALL,12,585,3
28,295,SMALL,12,573,7
28,295,SMALL,12,629,7
28,59,AIDE,21,587,12
28,59,,21,608,1
28,59,AIDE,21,,9
28,59,,21,575,1
28,59,AIDE,21,567,12
28,59,AIDE,21,557,6
28,256,SMALL,13,575,3
28,256,SMALL,13,675,2
28,256,SMALL,13,616,8
28,256,SMALL,13,626,5
28,256,SMALL,13,614,7
28,256,,13,631,3
28,256,SMALL,13,654,6
28,256,SMALL,13,595,8
28,256,SMALL,13,575,1
28,34,,19,543,11
28,34,AIDE,19,562,1
28,34,,19,569,2
28,34,AIDE,19,,12
28,34,,19,572,12
28,34,AIDE,19,578,5
28,34,AIDE,19,661,5
28,34,AIDE,19,549,1
28,34,AIDE,19,595,1
28,34,AIDE,19,585,9
23,149,REGULAR,22,573,1
23,149,REGULAR,22,599,7
23,149,REGULAR,22,590,4
23,149,SMALL,22,604,5
23,238,AIDE,24,629,11
23,238,AIDE,24,,1
23,238,AIDE,24,639,8
23,238,AIDE,24,,1
23,238,AIDE,24,636,7
23,238,AIDE,24,636,7
23,238,AIDE,24,,9
23,238,AIDE,24,657,6
23,201,AIDE,21,675,12
23,201,AIDE,21,624,12
23,201,AIDE,21,616,5
23,201,AIDE,21,616,7
23,201,AIDE,21,614,9
23,201,AIDE,21,670,2
23,201,AIDE,21,644,7
23,330,SMALL,14,593,11
23,330,SMALL,14,675,11
23,330,SMALL,14,629,1
23,330,SMALL,14,657,1
23,330,SMALL,14,587,3
23,330,,14,633,8
23,330,SMALL,14,614,5
23,330,SMALL,14,606,6
23,330,SMALL,14,641,8
23,330,SMALL,14,606,5
23,330,SMALL,14,633,8
23,330,SMALL,14,636,11
23,276,SMALL,15,593,12
23,276,SMALL,15,604,7
23,276,SMALL,15,572,2
23,276,SMALL,15,604,9
23,276,SMALL,15,538,5
23,276,SMALL,15,608,6
23,276,SMALL,15,587,4
23,276,SMALL,15,614,8
23,276,SMALL,15,578,10
23,276,SMALL,15,559,7
57,303,AIDE,24,585,1
57,303,REGULAR,24,585,4
57,303,REGULAR,24,560,10
57,303,AIDE,24,590,2
57,303,AIDE,24,542,4
57,303,AIDE,24,590,7
57,303,REGULAR,24,597,1
57,303,REGULAR,24,639,7
57,279,AIDE,22,616,12
57,279,AIDE,22,641,9
57,279,AIDE,22,657,12
57,279,AIDE,22,595,2
57,279,AIDE,22,599,2
57,279,AIDE,22,578,5
57,279,AIDE,22,604,8
57,279,AIDE,22,542,9
57,279,,22,588,10
57,186,SMALL,16,608,2
57,186,SMALL,16,583,12
57,186,SMALL,16,626,12
57,186,SMALL,16,595,12
57,186,SMALL,16,629,1
57,186,SMALL,16,614,6
57,186,SMALL,16,647,6
57,186,SMALL,16,588,4
57,186,SMALL,16,,7
57,186,SMALL,16,626,7
66,174,,19,,11
66,174,SMALL,19,572,11
66,174,SMALL,19,554,11
66,174,,19,612,4
66,174,,19,599,6
66,174,,19,597,7
66,174,SMALL,19,583,8
66,174,,19,650,8
66,174,,19,622,12
66,174,,19,,3
66,124,,28,559,1
66,124,,28,547,1
66,124,,28,575,9
66,26,,17,595,12
66,26,SMALL,17,606,9
66,26,,17,602,3
66,26,SMALL,17,654,3
60,24,REGULAR,26,629,12
60,24,AIDE,26,602,11
60,24,AIDE,26,592,2
60,24,REGULAR,26,636,9
60,24,AIDE,26,620,4
60,24,REGULAR,26,622,8
60,115,,26,641,11
60,115,AIDE,26,631,12
60,115,AIDE,26,587,1
60,115,AIDE,26,590,3
60,115,AIDE,26,639,3
60,115,AIDE,26,647,6
60,115,AIDE,26,600,9
60,115,AIDE,26,624,3
60,115,AIDE,26,588,6
60,115,AIDE,26,633,9
60,115,AIDE,26,599,4
60,287,,17,675,11
60,287,,17,641,11
60,287,,17,578,3
60,287,,17,620,6
60,287,SMALL,17,593,7
60,287,SMALL,17,595,9
60,287,,17,616,8
60,287,,17,636,9
60,287,,17,654,5
60,328,SMALL,19,641,11
60,328,SMALL,19,661,12
60,328,SMALL,19,650,1
60,328,SMALL,19,654,1
60,328,SMALL,19,654,1
60,328,SMALL,19,657,5
60,328,SMALL,19,,7
60,328,SMALL,19,,8
60,328,SMALL,19,693,4
60,328,SMALL,19,654,7
60,328,SMALL,19,636,9
60,328,SMALL,19,650,6
50,312,SMALL,17,618,1
50,89,AIDE,29,562,10
50,89,,29,600,7
50,89,AIDE,29,633,1
50,89,,29,564,1
50,128,AIDE,27,654,11
50,128,AIDE,27,693,1
50,128,REGULAR,27,650,1
50,128,AIDE,27,657,5
50,128,SMALL,27,595,5
50,128,AIDE,27,610,7
50,128,AIDE,27,604,10
50,128,REGULAR,27,647,2
50,307,SMALL,16,612,12
50,307,,16,608,5
50,307,SMALL,16,753,5
50,307,SMALL,16,650,7
50,307,SMALL,16,631,2
25,268,AIDE,20,557,5
25,268,AIDE,20,620,6
25,268,,20,622,7
25,268,REGULAR,20,554,5
25,268,REGULAR,20,557,3
25,268,REGULAR,20,578,4
25,268,,20,622,4
25,268,REGULAR,20,557,11
25,268,,20,592,11
25,268,REGULAR,20,665,9
25,333,SMALL,18,,11
25,333,,18,562,11
25,333,,18,631,2
25,333,,18,602,3
25,333,,18,573,7
25,333,,18,631,9
25,333,,18,641,12
25,333,,18,595,5
25,333,,18,614,12
25,333,SMALL,18,570,5
25,333,,18,593,12
25,333,SMALL,18,654,2
25,333,,18,597,7
25,144,,21,618,8
25,144,AIDE,21,587,4
25,144,,21,647,5
25,144,AIDE,21,580,9
25,144,AIDE,21,622,2
25,144,AIDE,21,565,3
25,144,AIDE,21,582,6
25,144,AIDE,21,555,3
25,144,,21,608,1
25,144,,21,570,6
25,144,,21,592,4
25,144,AIDE,21,595,3
25,28,,20,565,11
25,28,AIDE,20,624,12
25,28,,20,580,11
25,28,,20,618,1
25,28,,20,588,5
25,28,,20,577,9
25,28,,20,583,3
25,28,,20,644,5
25,28,,20,562,9
25,248,AIDE,21,629,11
25,248,REGULAR,21,702,3
25,248,REGULAR,21,606,9
25,248,REGULAR,21,650,7
25,248,,21,636,2
25,248,REGULAR,21,585,6
25,248,AIDE,21,,9
25,43,,18,629,12
25,43,,18,602,1
25,43,,18,578,3
25,43,,18,585,5
25,43,,18,661,6
25,43,,18,527,2
25,43,,18,583,8
25,43,,18,629,4
25,43,,18,602,6
25,43,,18,633,5
55,80,,15,580,12
55,80,SMALL,15,557,1
55,80,SMALL,15,629,3
55,80,SMALL,15,608,4
55,80,SMALL,15,592,8
55,80,,15,622,4
55,80,SMALL,15,622,4
55,80,SMALL,15,693,7
55,80,SMALL,15,654,7
55,100,,16,569,4
55,100,SMALL,16,600,4
55,100,SMALL,16,577,9
55,100,SMALL,16,612,11
55,100,SMALL,16,650,1
55,45,AIDE,21,654,3
55,45,AIDE,21,608,5
55,45,AIDE,21,593,9
55,45,AIDE,21,588,9
55,45,,21,654,2
55,122,REGULAR,23,633,12
55,122,AIDE,23,620,1
55,122,REGULAR,23,650,2
55,122,REGULAR,23,592,4
55,122,REGULAR,23,654,5
55,122,REGULAR,23,616,3
9,291,SMALL,16,639,12
9,291,SMALL,16,593,1
9,291,SMALL,16,675,1
9,291,SMALL,16,661,1
9,291,SMALL,16,580,2
9,291,SMALL,16,612,4
9,291,SMALL,16,650,8
9,291,,16,608,6
9,291,SMALL,16,,5
9,281,AIDE,26,599,10
9,281,AIDE,26,647,1
9,281,AIDE,26,657,4
9,281,,26,604,5
9,281,AIDE,26,614,6
9,281,AIDE,26,602,6
9,281,,26,,9
9,281,AIDE,26,618,3
9,281,,26,670,3
9,281,AIDE,26,612,7
9,281,AIDE,26,599,6
9,6,REGULAR,25,636,11
9,6,REGULAR,25,620,12
9,6,SMALL,25,633,12
9,6,AIDE,25,629,12
9,6,SMALL,25,670,2
9,6,REGULAR,25,597,2
9,6,AIDE,25,644,7
9,6,AIDE,25,661,4
9,6,AIDE,25,670,8
9,6,REGULAR,25,631,7
9,6,AIDE,25,606,8
9,6,SMALL,25,633,3
9,6,AIDE,25,629,5
9,14,AIDE,25,,1
9,14,REGULAR,25,588,1
9,180,SMALL,24,595,11
9,180,,24,592,7
9,180,SMALL,24,600,6
9,180,SMALL,24,600,1
51,267,AIDE,27,670,12
51,267,AIDE,27,639,2
51,267,AIDE,27,620,3
51,267,AIDE,27,633,5
51,267,AIDE,27,675,6
51,267,AIDE,27,654,6
51,267,AIDE,27,665,6
51,267,AIDE,27,670,7
51,267,AIDE,27,661,9
51,267,AIDE,27,657,1
51,225,SMALL,17,593,1
51,225,,17,542,9
51,225,SMALL,17,614,11
51,225,SMALL,17,650,4
51,225,SMALL,17,614,7
51,289,AIDE,24,582,12
51,289,REGULAR,24,631,2
51,289,REGULAR,24,557,1
51,289,REGULAR,24,624,5
51,289,REGULAR,24,616,5
51,289,REGULAR,24,633,8
51,289,REGULAR,24,620,8
51,289,REGULAR,24,624,8
51,289,AIDE,24,622,9
51,157,SMALL,17,580,1
51,157,SMALL,17,592,6
51,157,,17,657,6
51,157,SMALL,17,614,7
51,157,SMALL,17,647,9
51,157,,17,582,2
51,36,SMALL,17,543,2
51,36,SMALL,17,650,11
51,36,SMALL,17,650,1
51,36,SMALL,17,608,1
51,36,SMALL,17,661,1
51,36,SMALL,17,606,2
51,36,SMALL,17,626,4
51,36,SMALL,17,612,7
51,36,SMALL,17,585,5
67,50,AIDE,21,608,11
67,50,AIDE,21,639,1
67,50,AIDE,21,633,2
67,50,AIDE,21,543,5
67,50,AIDE,21,629,4
67,50,AIDE,21,,8
67,50,AIDE,21,657,9
67,50,AIDE,21,599,9
67,50,AIDE,21,650,5
67,50,AIDE,21,626,7
67,266,REGULAR,20,680,12
67,266,REGULAR,20,675,12
67,266,AIDE,20,670,1
67,266,AIDE,20,549,4
67,266,AIDE,20,675,5
67,266,AIDE,20,618,6
67,266,REGULAR,20,622,6
67,266,REGULAR,20,702,7
67,266,REGULAR,20,602,7
67,266,REGULAR,20,654,9
67,266,AIDE,20,686,6
67,266,REGULAR,20,,8
67,266,REGULAR,20,622,8
67,103,SMALL,13,644,11
67,103,SMALL,13,550,12
67,103,SMALL,13,624,1
67,103,SMALL,13,618,3
67,103,SMALL,13,624,3
67,103,SMALL,13,622,6
67,103,SMALL,13,536,5
67,103,SMALL,13,680,7
4,321,REGULAR,21,,1
4,321,AIDE,21,536,3
4,321,REGULAR,21,588,8
4,321,REGULAR,21,702,10
4,321,REGULAR,21,602,11
4,321,REGULAR,21,608,3
4,321,AIDE,21,670,4
4,321,REGULAR,21,639,5
4,321,AIDE,21,582,5
4,321,REGULAR,21,631,7
4,321,AIDE,21,657,6
4,321,AIDE,21,622,9
4,13,AIDE,21,654,8
4,13,AIDE,21,670,4
4,13,AIDE,21,650,4
4,13,AIDE,21,592,4
4,13,AIDE,21,567,5
4,13,AIDE,21,610,5
4,13,AIDE,21,670,4
4,13,AIDE,21,693,7
4,13,AIDE,21,631,7
4,13,AIDE,21,629,9
4,173,AIDE,22,647,12
4,173,REGULAR,22,670,10
4,173,REGULAR,22,647,10
4,173,REGULAR,22,661,10
4,173,REGULAR,22,569,11
4,173,REGULAR,22,606,12
4,173,REGULAR,22,631,12
4,173,REGULAR,22,622,4
4,173,REGULAR,22,686,6
4,173,REGULAR,22,629,8
4,173,REGULAR,22,650,8
4,173,REGULAR,22,644,8
4,173,AIDE,22,622,1
4,58,SMALL,13,633,11
4,58,SMALL,13,559,3
4,58,SMALL,13,618,3
4,58,SMALL,13,622,6
4,58,,13,654,7
4,58,SMALL,13,636,8
4,58,,13,587,7
4,58,SMALL,13,604,8
4,52,SMALL,13,,3
4,52,SMALL,13,592,12
4,52,SMALL,13,629,1
4,52,SMALL,13,620,4
4,52,SMALL,13,675,6
4,52,SMALL,13,647,8
4,52,,13,670,9
4,52,SMALL,13,647,1
20,324,REGULAR,24,616,5
20,324,REGULAR,24,,11
20,324,REGULAR,24,608,12
20,324,AIDE,24,582,1
20,324,AIDE,24,590,2
20,324,REGULAR,24,654,2
20,324,AIDE,24,582,2
20,324,REGULAR,24,661,2
20,324,AIDE,24,604,4
20,324,REGULAR,24,582,5
20,324,AIDE,24,578,5
20,324,AIDE,24,633,6
20,324,AIDE,24,633,7
20,41,AIDE,24,675,12
20,41,AIDE,24,567,11
20,41,AIDE,24,675,1
20,41,AIDE,24,588,3
20,41,AIDE,24,592,3
20,41,AIDE,24,600,5
20,41,AIDE,24,675,4
20,41,AIDE,24,599,6
20,41,AIDE,24,612,6
20,41,AIDE,24,606,8
20,108,SMALL,16,590,12
20,108,SMALL,16,629,11
20,108,SMALL,16,593,3
20,108,SMALL,16,593,4
20,108,SMALL,16,680,7
20,108,SMALL,16,636,8
20,108,,16,,9
20,108,SMALL,16,657,9
20,108,SMALL,16,675,4
20,108,SMALL,16,599,2
20,56,SMALL,16,588,1
20,56,SMALL,16,680,2
20,56,SMALL,16,552,5
20,56,SMALL,16,608,9
20,56,SMALL,16,647,7
20,2,SMALL,16,650,12
20,2,SMALL,16,595,12
20,2,SMALL,16,622,9
20,2,SMALL,16,636,2
20,2,SMALL,16,654,3
20,2,SMALL,16,624,4
20,2,SMALL,16,626,4
20,2,SMALL,16,600,6
20,2,,16,624,6
20,2,,16,647,8
20,2,SMALL,16,650,12
20,10,REGULAR,25,636,9
20,10,REGULAR,25,675,1
20,10,AIDE,25,650,1
20,10,AIDE,25,702,2
20,10,AIDE,25,600,5
20,10,AIDE,25,590,5
20,10,AIDE,25,647,4
20,10,REGULAR,25,,8
20,10,REGULAR,25,602,12
20,177,AIDE,25,,5
20,177,AIDE,25,654,12
20,177,AIDE,25,626,2
20,177,AIDE,25,657,3
20,177,AIDE,25,644,4
20,177,AIDE,25,650,8
20,177,AIDE,25,578,1
20,177,AIDE,25,654,12
59,29,SMALL,15,641,11
59,29,SMALL,15,686,2
59,29,,15,620,4
59,29,SMALL,15,559,4
59,29,,15,626,7
59,29,SMALL,15,629,8
59,29,SMALL,15,639,8
59,29,,15,665,2
59,29,SMALL,15,661,6
59,29,SMALL,15,622,4
59,29,SMALL,15,597,11
59,51,AIDE,25,633,10
59,51,REGULAR,25,602,11
59,51,REGULAR,25,661,2
59,51,REGULAR,25,614,3
59,51,AIDE,25,647,4
59,51,REGULAR,25,552,4
59,51,AIDE,25,654,5
59,51,REGULAR,25,604,8
59,51,REGULAR,25,582,8
59,51,AIDE,25,661,9
59,51,AIDE,25,600,5
59,228,AIDE,25,618,12
59,228,AIDE,25,675,11
59,228,,25,633,12
59,228,AIDE,25,616,1
59,228,AIDE,25,636,3
59,228,AIDE,25,650,3
59,228,AIDE,25,590,3
59,228,AIDE,25,557,3
59,228,AIDE,25,590,3
59,228,AIDE,25,572,5
59,228,AIDE,25,612,6
59,228,AIDE,25,599,6
59,228,AIDE,25,577,6
59,228,AIDE,25,587,7
59,228,AIDE,25,624,8
59,228,AIDE,25,626,8
59,228,AIDE,25,538,9
59,293,SMALL,16,661,11
59,293,,16,588,12
59,293,,16,675,11
59,293,,16,665,1
59,293,SMALL,16,585,4
59,293,SMALL,16,587,6
59,293,SMALL,16,578,6
59,293,SMALL,16,,7
59,293,SMALL,16,593,7
53,193,AIDE,19,680,10
53,193,AIDE,19,633,11
53,193,AIDE,19,675,11
53,193,AIDE,19,636,12
53,193,AIDE,19,631,3
53,193,AIDE,19,665,2
53,193,AIDE,19,675,3
53,193,AIDE,19,650,4
53,193,AIDE,19,641,6
53,193,AIDE,19,593,5
53,193,AIDE,19,606,7
53,193,AIDE,19,618,3
53,193,AIDE,19,661,6
53,70,AIDE,20,622,11
53,70,REGULAR,20,624,11
53,70,AIDE,20,680,12
53,70,REGULAR,20,588,8
53,70,REGULAR,20,686,1
53,70,REGULAR,20,654,2
53,70,AIDE,20,654,4
53,70,AIDE,20,585,7
53,70,REGULAR,20,616,7
53,70,REGULAR,20,647,6
53,70,AIDE,20,604,9
53,70,REGULAR,20,657,6
53,70,AIDE,20,616,7
53,70,AIDE,20,728,12
53,70,REGULAR,20,614,2
53,71,SMALL,18,629,9
53,71,SMALL,18,650,10
53,71,,18,641,10
53,71,,18,631,10
53,71,,18,612,11
53,71,SMALL,18,629,12
53,71,SMALL,18,654,2
53,71,SMALL,18,631,1
53,71,SMALL,18,647,3
53,71,SMALL,18,713,4
53,71,SMALL,18,641,3
53,71,SMALL,18,629,5
53,71,SMALL,18,639,8
53,71,SMALL,18,602,9
53,71,SMALL,18,650,9
53,176,SMALL,17,728,11
53,176,SMALL,17,661,11
53,176,SMALL,17,657,12
53,176,SMALL,17,728,1
53,176,SMALL,17,661,2
53,176,SMALL,17,654,4
53,176,SMALL,17,616,5
53,176,SMALL,17,599,5
53,176,SMALL,17,622,7
53,176,SMALL,17,618,6
53,176,SMALL,17,614,8
53,176,SMALL,17,686,5
61,273,AIDE,26,675,1
61,273,,26,626,10
61,273,AIDE,26,618,2
61,273,AIDE,26,624,3
61,273,AIDE,26,675,6
61,273,AIDE,26,693,9
61,273,AIDE,26,,9
61,273,AIDE,26,650,12
61,273,AIDE,26,644,4
61,273,AIDE,26,650,3
61,235,SMALL,19,661,6
61,235,SMALL,19,631,6
61,235,SMALL,19,654,11
61,235,SMALL,19,713,11
61,235,SMALL,19,680,12
61,235,SMALL,19,626,2
61,235,SMALL,19,665,5
61,235,SMALL,19,622,7
61,235,SMALL,19,631,9
61,235,SMALL,19,624,4
61,235,SMALL,19,593,4
61,132,AIDE,26,657,3
61,132,AIDE,26,608,8
61,132,AIDE,26,702,4
61,101,,18,644,6
61,101,SMALL,18,657,9
61,101,SMALL,18,661,10
61,101,SMALL,18,631,10
61,101,SMALL,18,686,5
61,101,SMALL,18,665,3
61,101,SMALL,18,670,7
61,101,SMALL,18,588,8
61,101,SMALL,18,597,10
61,101,SMALL,18,650,12
61,223,AIDE,25,612,11
75,161,AIDE,28,,5
75,161,AIDE,28,686,6
75,161,AIDE,28,665,11
75,161,AIDE,28,604,11
75,161,AIDE,28,633,1
75,161,AIDE,28,608,7
75,161,AIDE,28,616,2
75,161,AIDE,28,602,4
75,161,AIDE,28,641,5
75,161,AIDE,28,587,6
75,161,AIDE,28,554,2
75,161,AIDE,28,633,7
75,161,AIDE,28,680,5
75,282,SMALL,17,647,9
75,282,SMALL,17,650,11
75,282,SMALL,17,580,11
75,282,SMALL,17,,2
75,282,SMALL,17,622,6
75,282,SMALL,17,606,4
75,282,SMALL,17,573,4
75,282,SMALL,17,654,6
75,282,SMALL,17,626,7
75,282,SMALL,17,665,8
75,282,SMALL,17,650,9
75,282,SMALL,17,616,9
75,282,SMALL,17,,7
75,189,SMALL,18,620,1
75,189,SMALL,18,602,1
75,189,SMALL,18,675,3
75,189,SMALL,18,616,3
75,189,SMALL,18,661,2
75,189,SMALL,18,636,4
75,189,SMALL,18,631,6
75,189,SMALL,18,675,8
75,189,SMALL,18,631,8
75,189,SMALL,18,636,12
75,189,SMALL,18,657,6
75,7,AIDE,28,618,12
75,7,AIDE,28,647,6
75,7,AIDE,28,633,8
75,7,AIDE,28,661,9
75,7,AIDE,28,577,12
75,15,AIDE,28,654,11
75,15,REGULAR,28,614,12
75,15,AIDE,28,647,2
75,15,REGULAR,28,597,2
75,15,REGULAR,28,622,1
75,15,AIDE,28,680,3
75,15,AIDE,28,654,6
75,9,AIDE,28,572,11
75,9,AIDE,28,620,12
75,9,AIDE,28,650,2
75,9,AIDE,28,582,8
75,9,AIDE,28,633,3
75,9,AIDE,28,686,3
75,9,AIDE,28,612,4
75,9,AIDE,28,616,5
75,9,AIDE,28,633,6
75,9,AIDE,28,641,6
75,9,AIDE,28,680,6
75,9,AIDE,28,,6
75,9,AIDE,28,597,7
75,9,AIDE,28,,9
75,9,AIDE,28,644,9
75,9,AIDE,28,647,7
75,9,AIDE,28,587,4
75,9,AIDE,28,670,10
75,9,AIDE,28,595,1
6,,AIDE,,560,3
